frame,time_s,nose_x,nose_y,nose_c,l_shoulder_x,l_shoulder_y,l_shoulder_c,r_shoulder_x,r_shoulder_y,r_shoulder_c,l_hip_x,l_hip_y,l_hip_c,r_hip_x,r_hip_y,r_hip_c,l_knee_x,l_knee_y,l_knee_c,r_knee_x,r_knee_y,r_knee_c,l_ankle_x,l_ankle_y,l_ankle_c,r_ankle_x,r_ankle_y,r_ankle_c
0,0.0,911.4920654296875,228.984375,0.9778979420661926,933.7097778320312,307.5072326660156,0.9694507718086243,800.470458984375,305.484375,0.9940205216407776,907.404296875,520.3295288085938,0.9884656667709351,808.0882568359375,520.3939208984375,0.994398295879364,927.7152099609375,696.6017456054688,0.9772511124610901,764.7794799804688,696.358154296875,0.9886161684989929,950.1725463867188,863.6654663085938,0.9280133843421936,736.1221313476562,862.5430297851562,0.9529100060462952
1,0.033266998341625206,909.9744873046875,226.70452880859375,0.9752231240272522,930.8978271484375,307.8445129394531,0.968880295753479,800.44189453125,307.2792053222656,0.994147777557373,910.442138671875,518.0665283203125,0.9894124865531921,813.0520629882812,518.8085327148438,0.9949803948402405,928.104736328125,691.2447509765625,0.980156660079956,767.0255126953125,692.5493774414062,0.9903050661087036,949.1943969726562,861.2548828125,0.9378069043159485,736.2650756835938,861.483642578125,0.96003258228302
2,0.06653399668325041,912.7432250976562,227.09788513183594,0.9735884070396423,931.7886352539062,306.45391845703125,0.9694837927818298,802.4288330078125,307.1074523925781,0.9941040873527527,910.2762451171875,517.6748657226562,0.9901989698410034,813.9164428710938,518.962890625,0.9952844977378845,927.7014770507812,690.1788940429688,0.9814921021461487,767.6807250976562,693.0842895507812,0.9908387064933777,949.6329956054688,858.322509765625,0.9413224458694458,735.4299926757812,860.3453979492188,0.9619274139404297
3,0.09980099502487562,910.0513916015625,228.7569580078125,0.9775655269622803,931.9090576171875,306.2882995605469,0.9716302752494812,802.0929565429688,308.43109130859375,0.9940213561058044,908.5140380859375,515.915771484375,0.9888952970504761,811.96826171875,517.923583984375,0.9944190382957458,926.738525390625,688.0001220703125,0.9781387448310852,769.500244140625,692.089599609375,0.9886795878410339,951.5185546875,856.037109375,0.9298647046089172,739.5368041992188,858.3718872070312,0.953036367893219
4,0.13306799336650083,905.5426635742188,238.37232971191406,0.9714441895484924,925.21435546875,311.1314392089844,0.9792349338531494,803.5565185546875,312.1578674316406,0.9946165680885315,906.0615234375,512.5701293945312,0.9940487146377563,814.43798828125,514.3287963867188,0.9966302514076233,924.7368774414062,681.6483764648438,0.9869224429130554,773.2622680664062,687.9248657226562,0.992497444152832,947.2879028320312,852.6293334960938,0.9492978453636169,745.3313598632812,858.6187744140625,0.9639459848403931
5,0.16633499170812605,908.7503051757812,232.50833129882812,0.975413978099823,932.0372314453125,309.4422912597656,0.9754162430763245,801.48193359375,306.3137512207031,0.9914976954460144,905.38330078125,516.8644409179688,0.9881504774093628,810.4415283203125,517.2540893554688,0.9928274750709534,926.3779907226562,683.8800659179688,0.9742956757545471,775.4657592773438,684.5972290039062,0.9841347336769104,946.819580078125,854.0902099609375,0.9147230982780457,751.4500122070312,850.065185546875,0.9356833696365356
6,0.19960199004975124,908.3738403320312,238.7292938232422,0.9646116495132446,931.5263671875,314.0428161621094,0.9677512049674988,801.0423583984375,311.41058349609375,0.9888824820518494,904.1295776367188,524.4937133789062,0.9846567511558533,809.7786865234375,524.3267822265625,0.990746021270752,928.657470703125,690.288818359375,0.9665180444717407,780.0863037109375,686.9918212890625,0.979422390460968,946.171142578125,860.6342163085938,0.8925104737281799,756.2708740234375,850.7655029296875,0.9189069867134094
7,0.23286898839137646,913.6990356445312,233.1295623779297,0.963740348815918,936.6996459960938,313.7425231933594,0.9614357948303223,805.2537841796875,312.3515930175781,0.9893518090248108,904.9711303710938,531.391845703125,0.9847805500030518,808.9735107421875,531.4411010742188,0.991802990436554,930.1301879882812,698.5797729492188,0.9693626165390015,774.3919067382812,695.9356079101562,0.9832165837287903,950.8645629882812,864.498779296875,0.9093194007873535,747.1505737304688,856.64453125,0.9363437294960022
8,0.26613598673300165,921.3133544921875,238.57855224609375,0.9710941910743713,941.2235107421875,314.7520751953125,0.962306559085846,807.51513671875,312.343505859375,0.9919396042823792,907.338134765625,533.2731323242188,0.9855985641479492,809.6984252929688,532.651611328125,0.9931226372718811,933.8253173828125,703.4628295898438,0.9703331589698792,773.4906005859375,698.4756469726562,0.9855169653892517,951.4992065429688,868.7659301757812,0.9121402502059937,744.1268920898438,858.3630981445312,0.9426077008247375
9,0.29940298507462687,915.0941162109375,237.6317138671875,0.9745373725891113,940.5919189453125,313.56756591796875,0.9713099002838135,807.6738891601562,312.3273010253906,0.9932413101196289,908.997802734375,531.521728515625,0.9892423748970032,811.5582885742188,531.2510375976562,0.9946316480636597,935.784912109375,705.5784912109375,0.9756640195846558,773.6272583007812,701.875244140625,0.9876787066459656,954.0191040039062,867.2869873046875,0.9206525087356567,743.7236938476562,859.4813842773438,0.9472464323043823
10,0.3326699834162521,909.306884765625,236.20989990234375,0.9750249981880188,939.8740234375,313.7057189941406,0.9744716882705688,806.9017333984375,311.3879699707031,0.993541955947876,911.0556030273438,529.6463623046875,0.9906703233718872,813.0845947265625,528.8778686523438,0.9952062964439392,937.5623168945312,703.3313598632812,0.9780333638191223,771.7158203125,699.9853515625,0.9886054396629333,955.423095703125,866.1817626953125,0.9246843457221985,738.598388671875,859.98779296875,0.949324369430542
11,0.3659369817578773,908.62744140625,233.32086181640625,0.9711779952049255,939.1670532226562,312.52142333984375,0.9765732288360596,809.0521240234375,309.67730712890625,0.9918896555900574,913.3099365234375,523.1944580078125,0.9912819862365723,817.261474609375,522.5006713867188,0.9947463274002075,938.3607788085938,696.144287109375,0.979706883430481,774.5638427734375,694.4551391601562,0.9876646399497986,955.9887084960938,862.2328491210938,0.9280456900596619,740.40283203125,857.6675415039062,0.9465833902359009
12,0.3992039800995025,919.4390258789062,237.69955444335938,0.9780972599983215,936.1295166015625,320.7026672363281,0.9828705191612244,808.6788940429688,316.5054931640625,0.9964613318443298,915.4758911132812,523.2296752929688,0.9955078363418579,819.1400756835938,522.6361083984375,0.997710108757019,935.983154296875,692.5810546875,0.9897847771644592,775.16455078125,695.8983764648438,0.9947294592857361,949.799072265625,860.7095947265625,0.9581857919692993,742.669189453125,865.7017822265625,0.9722985625267029
13,0.4324709784411277,921.8764038085938,242.24093627929688,0.9716991782188416,935.7581176757812,324.9986877441406,0.9806036353111267,809.3263549804688,319.19696044921875,0.9960011839866638,914.0145263671875,525.1849365234375,0.9957665205001831,818.1209106445312,524.287353515625,0.9978417158126831,937.40478515625,690.17138671875,0.9908453822135925,776.302734375,693.8280029296875,0.9952914714813232,950.4591064453125,858.4063720703125,0.9637073278427124,741.3125610351562,864.2810668945312,0.9760117530822754
14,0.4657379767827529,926.0328979492188,247.16610717773438,0.9662351608276367,934.3211059570312,324.5360412597656,0.9738034605979919,811.1891479492188,322.13214111328125,0.9954029321670532,916.3894653320312,525.6487426757812,0.9943945407867432,822.8262329101562,526.3389282226562,0.9973533153533936,936.0114135742188,693.662353515625,0.9881197214126587,777.4559936523438,698.6642456054688,0.994285523891449,950.6781616210938,861.0258178710938,0.955054521560669,742.6988525390625,866.7258911132812,0.9713642001152039
15,0.49900497512437814,939.7135620117188,241.53817749023438,0.9711996912956238,938.1098022460938,321.9049072265625,0.9698190689086914,813.6396484375,317.651611328125,0.9967278242111206,916.1644287109375,524.3558349609375,0.9935693740844727,821.6840209960938,524.1641235351562,0.9975945353507996,938.2926635742188,695.6796264648438,0.9858757853507996,780.1641235351562,698.3369750976562,0.9945669174194336,947.7324829101562,862.1574096679688,0.9465073943138123,742.4835205078125,865.345458984375,0.970225989818573
16,0.5322719734660033,908.8641357421875,247.89669799804688,0.9729730486869812,940.0995483398438,328.7820739746094,0.9840445518493652,812.464599609375,323.751220703125,0.9949355721473694,918.0480346679688,529.0526733398438,0.9952801465988159,821.8107299804688,527.3007202148438,0.9970435500144958,940.0772705078125,701.35986328125,0.9883663058280945,776.0355834960938,702.0173950195312,0.992730438709259,949.1885375976562,864.5665893554688,0.9500632286071777,742.0274047851562,868.7918701171875,0.9629237055778503
17,0.5655389718076286,915.57080078125,247.96600341796875,0.9743655323982239,939.7523803710938,329.4931640625,0.9776467680931091,809.3432006835938,324.2580871582031,0.9955021739006042,919.3394165039062,532.4061279296875,0.9931691884994507,821.2506103515625,531.35888671875,0.9965944886207581,943.3059692382812,700.8912963867188,0.9830268025398254,777.606689453125,705.3399658203125,0.9914928078651428,946.8186645507812,859.696533203125,0.9316975474357605,742.0208740234375,871.9833984375,0.9552793502807617
18,0.5988059701492537,925.525634765625,250.16024780273438,0.9710749983787537,938.6902465820312,325.872802734375,0.9729747772216797,810.2133178710938,325.27972412109375,0.9958349466323853,916.439453125,529.2696533203125,0.9938704967498779,818.8544921875,530.663330078125,0.9973082542419434,946.5040893554688,694.1309204101562,0.9861700534820557,778.404296875,702.7493286132812,0.9938761591911316,952.569580078125,857.08447265625,0.9472477436065674,735.3685913085938,871.686767578125,0.9679305553436279
19,0.6320729684908789,931.0447998046875,253.1999053955078,0.9681373238563538,938.1760864257812,325.45550537109375,0.9747955799102783,807.9891357421875,323.4730529785156,0.9964284300804138,913.7235717773438,532.5432739257812,0.9957679510116577,814.7698974609375,532.2537231445312,0.998202919960022,944.5858764648438,705.002685546875,0.9909331798553467,775.3988037109375,704.4174194335938,0.9961191415786743,949.5245361328125,869.7000732421875,0.9655309319496155,731.5089721679688,867.2199096679688,0.9796891808509827
20,0.6653399668325042,916.962890625,252.58087158203125,0.9755086898803711,937.9223022460938,328.41607666015625,0.9811262488365173,805.6411743164062,327.2794189453125,0.9969637989997864,912.66650390625,534.6959838867188,0.9963790774345398,812.68212890625,535.07763671875,0.9983787536621094,946.6755981445312,706.0111083984375,0.9916754961013794,776.1719970703125,707.5568237304688,0.9963091015815735,946.8422241210938,866.1681518554688,0.9671574234962463,730.2467651367188,868.1193237304688,0.9803557395935059
21,0.6986069651741293,918.4305419921875,253.3142547607422,0.9615834951400757,932.599365234375,322.6824645996094,0.9713743329048157,803.8740234375,325.6498107910156,0.9960441589355469,912.0474853515625,530.30126953125,0.9951446652412415,814.6554565429688,532.4080810546875,0.9979863166809082,945.8530883789062,703.4557495117188,0.9889326095581055,778.44873046875,706.2098388671875,0.9954110980033875,949.77783203125,868.0113525390625,0.9571331739425659,732.0623168945312,869.2699584960938,0.9752243757247925
22,0.7318739635157546,917.4255981445312,257.5461730957031,0.9682549238204956,931.9010620117188,325.39031982421875,0.9656227231025696,803.5497436523438,321.631103515625,0.9942991733551025,903.9003295898438,530.5552368164062,0.9911172389984131,808.1596069335938,530.91650390625,0.9962695837020874,944.2608032226562,700.5283813476562,0.9803741574287415,773.3961791992188,701.7247924804688,0.9916975498199463,960.1455688476562,868.0918579101562,0.9355615377426147,731.6806640625,868.5338745117188,0.961654782295227
23,0.7651409618573798,921.318115234375,251.0826416015625,0.9695795178413391,928.842041015625,326.3610534667969,0.9687190651893616,802.7124633789062,320.5161437988281,0.9949979782104492,901.6168823242188,533.1998291015625,0.9920129179954529,806.9381103515625,532.4232788085938,0.9966854453086853,941.704833984375,705.5189819335938,0.9820156097412109,773.7158203125,702.5326538085938,0.9924383759498596,957.9017944335938,873.1060180664062,0.9390425682067871,734.6644287109375,867.239013671875,0.9638772010803223
24,0.798407960199005,916.8125610351562,243.24339294433594,0.9670870900154114,925.6724853515625,318.5926208496094,0.9698166847229004,801.41845703125,316.36541748046875,0.9932982325553894,899.6561279296875,531.482177734375,0.9922695159912109,806.4977416992188,532.6547241210938,0.9962338805198669,935.2059326171875,701.8582763671875,0.9843419194221497,769.988525390625,703.1641845703125,0.9922634363174438,959.885986328125,868.09228515625,0.949619472026825,735.1055297851562,866.0744018554688,0.966999351978302
25,0.8316749585406302,916.8202514648438,253.10568237304688,0.9641130566596985,926.0235595703125,322.415771484375,0.9655343890190125,797.5230712890625,319.0082092285156,0.9917105436325073,900.7611694335938,533.7427978515625,0.9904364943504333,805.01513671875,534.97265625,0.9951421022415161,935.6239013671875,695.9063720703125,0.9808241128921509,767.6726684570312,699.1244506835938,0.9901053309440613,956.0490112304688,860.761474609375,0.9408458471298218,734.2208862304688,862.6847534179688,0.9599209427833557
26,0.8649419568822554,916.943359375,254.70968627929688,0.9696967601776123,923.646484375,323.3356018066406,0.9726750254631042,797.9672241210938,323.7215270996094,0.9932762384414673,900.7166748046875,535.6683349609375,0.9921824336051941,807.1843872070312,538.1915283203125,0.9959661960601807,935.1564331054688,701.7198486328125,0.9835844039916992,771.2362060546875,704.68701171875,0.9913896918296814,952.3397827148438,866.921630859375,0.946290910243988,735.6004028320312,864.9927978515625,0.963301420211792
27,0.8982089552238807,917.6386108398438,257.3323059082031,0.9682495594024658,924.5966186523438,323.9674987792969,0.9689297080039978,804.3814697265625,326.3150329589844,0.9930970072746277,899.7491455078125,529.5862426757812,0.9915304183959961,810.5030517578125,531.99560546875,0.9958776235580444,931.6102294921875,698.1775512695312,0.983700692653656,777.1591796875,700.54345703125,0.9919701218605042,945.261474609375,864.7603149414062,0.9497588276863098,736.4219360351562,862.4868774414062,0.9671030044555664
28,0.9314759535655058,918.095458984375,251.5312957763672,0.969027578830719,920.6713256835938,328.8675842285156,0.977015495300293,799.2070922851562,331.4416809082031,0.9971924424171448,897.4036254882812,537.1704711914062,0.9963914752006531,806.2744140625,539.69970703125,0.9985889792442322,933.1463012695312,705.3172607421875,0.9923519492149353,783.2246704101562,708.5819091796875,0.9970191717147827,934.9512329101562,866.2593383789062,0.9713214635848999,738.5582885742188,866.5335083007812,0.9840999841690063
29,0.964742951907131,909.679931640625,250.45394897460938,0.9761373400688171,921.3187866210938,332.9842529296875,0.9818146824836731,800.26416015625,333.32720947265625,0.9973891377449036,896.398681640625,538.0315551757812,0.9966637492179871,805.2579345703125,539.8175048828125,0.9985918402671814,929.1134643554688,705.1509399414062,0.9926840662956238,778.1405639648438,709.75244140625,0.9969406127929688,934.59228515625,868.226806640625,0.9715518355369568,736.0798950195312,873.3565063476562,0.9835508465766907
30,0.9980099502487563,914.921630859375,250.6431884765625,0.976179838180542,926.0388793945312,333.0841064453125,0.9788621664047241,800.7324829101562,332.1968994140625,0.9971119165420532,900.818115234375,541.0060424804688,0.9956056475639343,807.2911987304688,542.0182495117188,0.9981840252876282,930.9662475585938,711.3585205078125,0.9903149008750916,777.0765991210938,714.1503295898438,0.9960137605667114,934.4067993164062,871.301513671875,0.9634405970573425,738.7681274414062,874.7086181640625,0.9790090918540955
31,1.0312769485903814,911.8771362304688,248.64981079101562,0.9798915982246399,931.5994262695312,334.2063293457031,0.9822231531143188,802.7252197265625,332.8607482910156,0.9969935417175293,902.7067260742188,541.2155151367188,0.9956947565078735,806.7975463867188,541.304443359375,0.9980284571647644,933.4246826171875,713.6171264648438,0.9905318021774292,778.5360717773438,714.3859252929688,0.9957126379013062,936.0159301757812,873.40869140625,0.9639800190925598,742.9717407226562,875.3182983398438,0.9781340956687927
32,1.0645439469320066,926.1104736328125,269.8501281738281,0.9761423468589783,931.0447998046875,333.932373046875,0.9791998267173767,804.3048706054688,333.6610107421875,0.9967303276062012,902.7567138671875,537.8948364257812,0.9958395957946777,808.3973388671875,538.2200317382812,0.9981309771537781,931.5162963867188,711.066162109375,0.9919173121452332,778.7578735351562,709.9569091796875,0.9963772892951965,935.2578735351562,874.2383422851562,0.9712817668914795,747.3541259765625,871.1885986328125,0.9826189279556274
33,1.0978109452736318,926.115234375,271.2881774902344,0.9685947895050049,931.9414672851562,332.4898376464844,0.978704571723938,806.7991943359375,333.9119873046875,0.9963216781616211,907.6954345703125,538.1947631835938,0.9965564012527466,814.1968383789062,539.8892211914062,0.9983828067779541,934.81640625,709.424560546875,0.9934225678443909,781.3310546875,712.2075805664062,0.9969281554222107,937.8880615234375,870.0657348632812,0.9763591289520264,742.5657958984375,870.9710083007812,0.9853140115737915
34,1.1310779436152572,919.9896850585938,266.4390869140625,0.9693058133125305,937.5496215820312,341.3182067871094,0.9831154942512512,810.169189453125,335.3785095214844,0.9962943196296692,907.992919921875,544.7402954101562,0.9971145391464233,813.1556396484375,543.300537109375,0.9984861016273499,937.531494140625,712.4873657226562,0.994268536567688,782.7161865234375,713.3223266601562,0.9970505237579346,937.9407348632812,868.9898681640625,0.9786670207977295,744.1395263671875,872.4210205078125,0.9860348701477051
35,1.1643449419568823,923.626708984375,259.44970703125,0.9657217860221863,940.8380126953125,337.849365234375,0.9779726266860962,813.2867431640625,334.33203125,0.9960265159606934,912.163330078125,540.9943237304688,0.9961716532707214,816.8492431640625,540.21923828125,0.9981813430786133,939.609375,709.4805908203125,0.9924128651618958,784.6340942382812,709.812255859375,0.9964269995689392,941.6173095703125,871.0482788085938,0.9723528027534485,741.8040161132812,871.0851440429688,0.9828605651855469
36,1.1976119402985075,927.029296875,262.8218994140625,0.9636183381080627,940.8120727539062,338.4917907714844,0.976010262966156,811.2996826171875,337.650634765625,0.9952440857887268,911.7489624023438,547.853515625,0.9955671429634094,815.07373046875,548.8991088867188,0.9977745413780212,937.4727783203125,717.4208374023438,0.9908604621887207,778.2070922851562,722.3869018554688,0.9954273700714111,943.0715942382812,872.6531982421875,0.9666893482208252,738.6066284179688,878.0885009765625,0.9783064723014832
37,1.2308789386401326,918.189697265625,278.57733154296875,0.9655405879020691,940.6234130859375,341.37841796875,0.9811479449272156,814.134765625,338.08355712890625,0.9951279163360596,912.1417236328125,540.7415161132812,0.9963181018829346,817.5753173828125,540.1456298828125,0.9978992938995361,939.3499145507812,711.4052124023438,0.992362380027771,783.4273681640625,712.2689819335938,0.9957054257392883,948.011962890625,873.7178344726562,0.9706627130508423,749.2667236328125,875.4576416015625,0.9796841144561768
38,1.2641459369817578,911.1885375976562,276.8094177246094,0.9409909844398499,941.9248046875,341.29522705078125,0.9834888577461243,818.5595092773438,338.04742431640625,0.992988646030426,910.0797729492188,540.1976928710938,0.9971767663955688,817.6569213867188,539.75927734375,0.9979368448257446,940.1924438476562,707.5952758789062,0.9933207631111145,784.3921508789062,710.9480590820312,0.9952490329742432,949.937255859375,868.8693237304688,0.9704383611679077,747.044921875,874.9691162109375,0.9762665033340454
39,1.2974129353233832,931.6349487304688,266.79876708984375,0.9573586583137512,943.48828125,342.4532165527344,0.9812588095664978,818.968017578125,338.1089782714844,0.9953069090843201,914.7293701171875,541.4192504882812,0.9967113733291626,821.1024780273438,541.2909545898438,0.9981229901313782,942.6348876953125,708.97119140625,0.9925576448440552,785.8320922851562,711.25244140625,0.9957749247550964,951.6339721679688,869.4182739257812,0.9690986275672913,747.797607421875,871.5130004882812,0.9783138632774353
40,1.3306799336650084,940.111328125,268.524169921875,0.9733240604400635,943.3306274414062,345.9507751464844,0.9804812073707581,819.5462036132812,339.8044738769531,0.997015118598938,913.7798461914062,540.143310546875,0.9960416555404663,820.3137817382812,539.6874389648438,0.9982263445854187,942.3726196289062,707.7598266601562,0.991188645362854,786.3681030273438,709.9261474609375,0.9960306286811829,950.8851928710938,870.0703735351562,0.9650960564613342,748.2617797851562,871.67138671875,0.9788058400154114
41,1.3639469320066335,944.5045776367188,272.1004638671875,0.9612915515899658,941.8260498046875,347.0416259765625,0.9734272956848145,820.2612915039062,341.0131530761719,0.9965102076530457,915.1827392578125,541.8858642578125,0.9953848719596863,822.6566162109375,541.2257080078125,0.9980814456939697,945.2818603515625,707.8926391601562,0.9896822571754456,788.0707397460938,708.4368286132812,0.9956667423248291,953.5853271484375,874.345458984375,0.9591963887214661,747.402099609375,873.45947265625,0.9761991500854492
42,1.3972139303482587,940.559326171875,276.94500732421875,0.9674149751663208,946.3695068359375,343.88616943359375,0.9760836362838745,822.5568237304688,338.294677734375,0.9953840374946594,914.42431640625,537.5718994140625,0.9951096177101135,822.2322387695312,537.7652587890625,0.9977158308029175,947.864501953125,706.7510986328125,0.9893342852592468,785.6234130859375,710.6221313476562,0.9949610233306885,966.2781982421875,870.6220703125,0.9618607759475708,748.7379760742188,874.7041625976562,0.9757660627365112
43,1.4304809286898839,939.4515380859375,273.6073913574219,0.9730126857757568,944.60546875,346.95556640625,0.9801709651947021,819.7698364257812,342.1209411621094,0.9966373443603516,915.7699584960938,543.9189453125,0.9957482218742371,821.2160034179688,543.6566162109375,0.9979954957962036,946.122802734375,708.385986328125,0.9903802871704102,786.4413452148438,711.1441040039062,0.9954636693000793,954.8937377929688,873.4227905273438,0.9613689184188843,749.2686767578125,877.7539672851562,0.9757611751556396
44,1.4637479270315092,938.063232421875,273.3046569824219,0.9732259511947632,946.3866577148438,349.44671630859375,0.9797455668449402,818.9534912109375,343.12396240234375,0.9960125684738159,915.0239868164062,549.0171508789062,0.9946244359016418,818.9133911132812,548.2311401367188,0.9972646236419678,946.1530151367188,710.473388671875,0.9871860146522522,784.81494140625,711.2260131835938,0.9934513568878174,954.4189453125,877.2529907226562,0.9484426379203796,746.842529296875,877.2352294921875,0.9658560156822205
45,1.4970149253731344,933.8236083984375,281.6217041015625,0.974575936794281,945.3609619140625,352.979736328125,0.9815954566001892,819.5769653320312,343.5912780761719,0.9960829019546509,914.39453125,549.5365600585938,0.9952054023742676,819.5037231445312,547.2508544921875,0.9974761605262756,945.9022216796875,711.0488891601562,0.9891092777252197,787.6461181640625,709.04248046875,0.9942851662635803,954.60302734375,878.0530395507812,0.9568936228752136,752.675537109375,875.8604736328125,0.9712387919425964
46,1.5302819237147596,927.0569458007812,279.3657531738281,0.9753182530403137,953.6168212890625,349.35736083984375,0.983806848526001,824.11474609375,343.1313171386719,0.9943496584892273,915.7992553710938,544.2405395507812,0.9953240752220154,820.1647338867188,543.1925659179688,0.9970916509628296,947.588623046875,710.9871215820312,0.989596426486969,785.4429931640625,711.5835571289062,0.9935644268989563,967.0169677734375,874.1510620117188,0.9622723460197449,757.00927734375,874.5979614257812,0.9718940258026123
47,1.5635489220563847,926.575439453125,274.9793701171875,0.9728392362594604,953.6170043945312,347.86773681640625,0.9826245903968811,825.0437622070312,343.47833251953125,0.9942303895950317,916.0536499023438,544.8468627929688,0.9949819445610046,820.7238159179688,544.2689208984375,0.9969584941864014,951.0340576171875,710.6943359375,0.9878752827644348,785.477294921875,712.0075073242188,0.9926872253417969,967.7408447265625,875.0465698242188,0.954009473323822,752.2923583984375,877.1574096679688,0.9661706686019897
48,1.59681592039801,940.562255859375,266.0704650878906,0.9805436730384827,953.9130249023438,344.64239501953125,0.9793227910995483,821.9984130859375,345.0472412109375,0.9962136149406433,920.059814453125,537.7811889648438,0.9932190775871277,821.0859375,539.1987915039062,0.9967081546783447,951.8215942382812,708.9368286132812,0.9855754375457764,789.3971557617188,711.0271606445312,0.9928762912750244,966.17431640625,875.8262329101562,0.948270320892334,756.2232055664062,876.2172241210938,0.9666302800178528
49,1.6300829187396353,946.4786376953125,269.2715148925781,0.9678060412406921,948.1571044921875,348.5827331542969,0.980014443397522,822.5218505859375,343.8170166015625,0.9968113303184509,913.9404296875,546.4213256835938,0.9961515069007874,819.1261596679688,546.1497802734375,0.9982221722602844,944.942138671875,713.7830200195312,0.9910339713096619,789.620361328125,714.780029296875,0.995830237865448,957.9043579101562,879.0271606445312,0.9629085659980774,760.8248291015625,878.8705444335938,0.976998507976532
50,1.6633499170812605,937.4981689453125,268.04095458984375,0.9725854396820068,955.2520751953125,348.4488830566406,0.982559323310852,826.890380859375,344.0906982421875,0.9959610104560852,914.8786010742188,549.421875,0.9960498213768005,820.0732421875,549.165771484375,0.9979813694953918,950.5811157226562,717.5062866210938,0.9905896186828613,791.3754272460938,717.4210205078125,0.9951953291893005,968.9010009765625,879.8856811523438,0.964400589466095,759.7692260742188,877.2061767578125,0.9764606952667236
51,1.6966169154228856,935.9464111328125,266.3233337402344,0.9761101603507996,958.0009155273438,347.66839599609375,0.9843844175338745,828.9403076171875,345.99810791015625,0.9963801503181458,919.3943481445312,553.3504638671875,0.996748685836792,823.8272094726562,553.7944946289062,0.9983460903167725,952.7587280273438,717.9441528320312,0.9927310347557068,790.9002685546875,719.4886474609375,0.9963232278823853,967.4382934570312,881.1356201171875,0.9734183549880981,757.4078369140625,881.5938720703125,0.9826058149337769
52,1.7298839137645108,935.8504638671875,264.3782958984375,0.9746407270431519,956.28173828125,348.31805419921875,0.9823532104492188,826.3473510742188,347.5403137207031,0.9958089590072632,919.1884155273438,550.0925903320312,0.9956799745559692,822.0864868164062,550.9749755859375,0.9976220726966858,951.00390625,716.2635498046875,0.991448700428009,791.5048828125,719.0570068359375,0.9953025579452515,963.2340698242188,881.697509765625,0.9694905281066895,757.1712036132812,885.3184814453125,0.9791615009307861
53,1.763150912106136,939.6524658203125,261.69708251953125,0.9717598557472229,952.9956665039062,347.44000244140625,0.980953574180603,825.159912109375,347.71087646484375,0.99614417552948,918.2274780273438,548.3713989257812,0.9957711100578308,821.859375,550.2317504882812,0.9978406429290771,952.0742797851562,716.821533203125,0.9911585450172424,791.39453125,721.8108520507812,0.9954719543457031,965.5028686523438,885.2115478515625,0.9666289687156677,754.0387573242188,890.665283203125,0.9780740737915039
54,1.7964179104477613,941.2119750976562,268.01715087890625,0.9751498103141785,952.7278442382812,350.9000549316406,0.9812844395637512,826.301513671875,346.8717956542969,0.9964120984077454,918.9375,548.410400390625,0.9956436157226562,823.2918090820312,548.8912353515625,0.9978323578834534,949.7999877929688,716.8645629882812,0.9912461638450623,790.86279296875,720.9239501953125,0.9956104159355164,964.2460327148438,885.9924926757812,0.9676467180252075,756.2033081054688,891.5823364257812,0.9790884852409363
55,1.8296849087893865,942.6559448242188,270.3033142089844,0.9754955172538757,952.95263671875,351.164794921875,0.9817326664924622,828.9320068359375,345.9890441894531,0.9961360096931458,914.650146484375,547.5325927734375,0.9954001307487488,820.8556518554688,547.3629150390625,0.9975857734680176,947.3024291992188,718.7833251953125,0.9906291365623474,791.411865234375,721.3695068359375,0.9950457811355591,965.1106567382812,886.0104370117188,0.9653927087783813,759.3722534179688,890.0381469726562,0.9768536686897278
56,1.8629519071310117,937.8981323242188,274.5752868652344,0.9748851656913757,955.5927124023438,349.8876647949219,0.9860040545463562,831.594970703125,344.96942138671875,0.9959374666213989,914.8207397460938,548.9635620117188,0.9968088269233704,822.4188232421875,548.8623046875,0.9981628060340881,947.9690551757812,714.7789306640625,0.9925546050071716,789.159912109375,717.7567749023438,0.9957131147384644,969.4412841796875,884.024658203125,0.9704997539520264,759.3011474609375,887.0267944335938,0.9789736866950989
57,1.8962189054726368,939.0540161132812,281.3654479980469,0.9753692746162415,955.4879760742188,348.9267883300781,0.986111044883728,830.1720581054688,347.1794128417969,0.9964672327041626,916.482421875,550.0465087890625,0.9972735047340393,823.3756713867188,551.275634765625,0.9985313415527344,949.9052124023438,715.4119262695312,0.9939082860946655,791.4038696289062,720.4000854492188,0.9967273473739624,968.999267578125,885.9391479492188,0.9762845635414124,759.8578491210938,890.3104248046875,0.9838309288024902
58,1.929485903814262,943.2976684570312,278.49261474609375,0.9753720164299011,954.6510009765625,350.99542236328125,0.9815903306007385,825.337158203125,350.1117858886719,0.9965237975120544,918.9397583007812,553.7701416015625,0.995789110660553,821.9609985351562,555.7221069335938,0.9979124665260315,950.7572021484375,718.957275390625,0.99146968126297,792.3182373046875,725.0987548828125,0.9957495927810669,964.70947265625,887.81396484375,0.9685492515563965,758.7655029296875,894.4557495117188,0.9797098636627197
59,1.9627529021558874,952.0484619140625,269.302734375,0.9633558392524719,953.4759521484375,351.53411865234375,0.9755638241767883,828.424072265625,350.0132751464844,0.9961580634117126,918.2294921875,557.4144897460938,0.995394229888916,823.8532104492188,559.3568115234375,0.9979077577590942,949.0475463867188,722.331298828125,0.9906435608863831,792.835205078125,728.6715698242188,0.9956860542297363,966.1561889648438,889.374755859375,0.9657683372497559,756.18212890625,895.1864013671875,0.9788450598716736
60,1.9960199004975125,956.6526489257812,269.90802001953125,0.9678701758384705,954.2904663085938,354.0248107910156,0.9720327854156494,829.1266479492188,350.7774353027344,0.9962778687477112,915.3920288085938,556.70068359375,0.993778645992279,821.1574096679688,557.2670288085938,0.9973952770233154,950.1346435546875,723.0101318359375,0.9875049591064453,794.5810546875,724.95849609375,0.9946750402450562,963.36328125,891.912841796875,0.9563417434692383,755.4845581054688,891.9041748046875,0.9742662906646729
61,2.0292868988391377,956.05078125,268.0362854003906,0.9669017791748047,952.7254028320312,351.4871520996094,0.9740750789642334,828.8512573242188,351.3386535644531,0.9961645603179932,917.007568359375,551.5726928710938,0.9944818019866943,823.234375,553.6497192382812,0.9975602626800537,949.2931518554688,718.6216430664062,0.9891590476036072,795.3660888671875,723.157470703125,0.9951000809669495,966.77490234375,890.2088012695312,0.9612951874732971,759.715087890625,891.9754638671875,0.9763216376304626
62,2.062553897180763,950.8568115234375,273.8724060058594,0.963110625743866,951.3843383789062,349.7895812988281,0.9725032448768616,827.6515502929688,349.50384521484375,0.9955679774284363,920.0164184570312,551.6687622070312,0.9941366910934448,826.7066040039062,553.8153076171875,0.9973077774047852,948.0678100585938,718.141357421875,0.9885280132293701,795.3297729492188,723.4647216796875,0.9946146607398987,966.79638671875,890.282470703125,0.9591171145439148,760.9942016601562,893.4166259765625,0.9744046926498413
63,2.095820895522388,954.7981567382812,268.7310791015625,0.9563095569610596,950.9678344726562,349.0990905761719,0.9726458191871643,825.9342041015625,348.2128601074219,0.9961109757423401,917.9059448242188,552.0405883789062,0.9953314661979675,824.1004028320312,554.2974853515625,0.9979783892631531,950.31591796875,721.0034790039062,0.9904881715774536,797.5792846679688,726.8162841796875,0.9958099126815796,965.8037109375,891.14013671875,0.9643523693084717,760.7927856445312,895.5650024414062,0.9785372018814087
64,2.129087893864013,945.2847900390625,268.1166687011719,0.9542199969291687,950.3002319335938,346.56719970703125,0.9746325612068176,827.039794921875,348.1570129394531,0.9958683252334595,921.6588134765625,552.6403198242188,0.9958458542823792,829.3602905273438,555.125732421875,0.9980954527854919,949.7303466796875,723.4014282226562,0.9916472434997559,796.9757690429688,728.28076171875,0.9961326122283936,965.5617065429688,889.87158203125,0.9691205024719238,759.7985229492188,892.7274780273438,0.9809685349464417
65,2.1623548922056384,948.799072265625,269.5384216308594,0.9635018110275269,952.9058227539062,342.4071350097656,0.975943922996521,826.877197265625,343.1085205078125,0.9959760308265686,918.14013671875,545.0889892578125,0.995341420173645,823.869384765625,546.9664306640625,0.9978244304656982,948.2120361328125,720.0275268554688,0.9903451800346375,793.5535278320312,724.18798828125,0.9954322576522827,964.7501220703125,886.3191528320312,0.9641127586364746,756.9640502929688,888.7315673828125,0.9774741530418396
66,2.1956218905472635,940.6629638671875,267.5189208984375,0.9644054770469666,954.7789306640625,343.10064697265625,0.9799724221229553,829.8740844726562,340.9478759765625,0.9957962036132812,918.3956909179688,545.4694213867188,0.9965872764587402,826.1845092773438,546.6969604492188,0.9983372688293457,949.9459228515625,713.0303344726562,0.992584228515625,795.0770874023438,718.4300537109375,0.9963964819908142,964.51904296875,880.4161376953125,0.9724297523498535,759.3627319335938,886.0584106445312,0.9822984933853149
67,2.228888888888889,946.4067993164062,263.1557922363281,0.9750720262527466,953.0249633789062,343.6766052246094,0.9778905510902405,825.3766479492188,341.7090759277344,0.996749758720398,919.8822021484375,545.0213012695312,0.9948275685310364,824.2754516601562,546.9297485351562,0.9977389574050903,950.7416381835938,715.8609619140625,0.989568293094635,796.309814453125,721.319091796875,0.9953892230987549,966.8215942382812,883.5492553710938,0.9622815847396851,763.0263671875,889.7039794921875,0.9773603677749634
68,2.2621558872305143,931.8069458007812,272.5219421386719,0.9706115126609802,952.66552734375,345.74908447265625,0.9815856218338013,824.761474609375,344.1722717285156,0.9954137206077576,917.8013916015625,546.430908203125,0.9956206679344177,822.1997680664062,548.2633666992188,0.9975334405899048,951.8956298828125,711.4202880859375,0.9912580847740173,794.602294921875,718.3027954101562,0.9951267242431641,966.1102294921875,881.8677978515625,0.9677008986473083,760.4219970703125,892.1371459960938,0.9776886701583862
69,2.2954228855721395,935.3875732421875,274.7633361816406,0.9710792899131775,950.8748168945312,349.28936767578125,0.9794290661811829,822.2584228515625,347.0436706542969,0.9957152009010315,918.9139404296875,552.215087890625,0.995357096195221,822.5310668945312,554.1016845703125,0.9976092576980591,953.5812377929688,714.3267211914062,0.9908891320228577,794.5581665039062,721.5386962890625,0.9953395128250122,967.5035400390625,881.319091796875,0.9675685167312622,759.2875366210938,891.9880981445312,0.9787150621414185
70,2.3286898839137646,937.8934936523438,273.0110778808594,0.9768320918083191,954.2100830078125,351.40301513671875,0.9809470772743225,823.2653198242188,351.4221496582031,0.9966431856155396,921.7588500976562,559.2478637695312,0.995233952999115,823.193359375,561.5782470703125,0.9977360963821411,957.460205078125,714.6314086914062,0.9898215532302856,793.4165649414062,719.5777587890625,0.995159924030304,975.0029296875,886.842041015625,0.9624951481819153,758.19287109375,892.102294921875,0.9764885902404785
71,2.36195688225539,934.4456787109375,274.5091552734375,0.9782264828681946,956.1978149414062,353.42413330078125,0.9777868986129761,824.560791015625,353.4379577636719,0.996245801448822,921.4705810546875,554.0606689453125,0.9940428137779236,822.4163818359375,555.8237915039062,0.997249186038971,956.5620727539062,710.114990234375,0.9889524579048157,792.8926391601562,713.6243286132812,0.9949021339416504,973.2111206054688,887.865234375,0.9633830785751343,759.479736328125,891.701171875,0.9776270389556885
72,2.395223880597015,946.904296875,291.7572326660156,0.9539169073104858,953.5074462890625,354.8954772949219,0.9630964994430542,831.0035400390625,356.9689025878906,0.9952300786972046,922.9141845703125,548.9566650390625,0.9939622282981873,830.0152587890625,551.8128051757812,0.9975536465644836,952.5010986328125,710.9856567382812,0.9901612997055054,795.2695922851562,717.25927734375,0.9959803819656372,970.6541748046875,885.072509765625,0.969610333442688,759.759765625,890.9155883789062,0.9827874898910522
73,2.42849087893864,949.563720703125,289.55694580078125,0.9410947561264038,948.1026000976562,363.3437805175781,0.9642939567565918,830.1671142578125,363.7066955566406,0.9947785139083862,909.8615112304688,556.1517333984375,0.9944524168968201,819.0208740234375,559.2618408203125,0.9975827932357788,949.1467895507812,712.6441040039062,0.9895753860473633,791.5642700195312,722.354736328125,0.9954268932342529,973.1177368164062,880.1497192382812,0.9650031328201294,756.5831298828125,892.7805786132812,0.9789794683456421
74,2.4617578772802653,941.921630859375,301.0924987792969,0.9553713798522949,949.966796875,374.6058654785156,0.9619545340538025,828.2611694335938,377.2494812011719,0.9960243701934814,912.9208984375,562.311279296875,0.9941966533660889,818.4854736328125,566.04345703125,0.9978864789009094,958.962890625,702.08349609375,0.9904140830039978,794.0208129882812,710.50341796875,0.9965268969535828,978.1826171875,883.371826171875,0.9712119102478027,760.9501342773438,895.9772338867188,0.9848839044570923
75,2.4950248756218905,937.3180541992188,305.8207702636719,0.972952663898468,950.8094482421875,379.04443359375,0.9834758043289185,831.2905883789062,382.95294189453125,0.9981332421302795,902.1572265625,560.7387084960938,0.9980499744415283,808.294189453125,563.9970703125,0.9992555975914001,956.7625732421875,697.257568359375,0.9962956309318542,791.9070434570312,707.5564575195312,0.9986546039581299,964.0636596679688,870.5570678710938,0.9868306517601013,751.47412109375,889.5867919921875,0.9931172132492065
76,2.5282918739635156,948.2091064453125,313.5098876953125,0.8878604769706726,949.9931640625,385.9732666015625,0.9777711629867554,834.8284301757812,387.73406982421875,0.9963750243186951,906.231689453125,549.7457885742188,0.9986435770988464,816.0029296875,552.058837890625,0.9994118213653564,956.3214721679688,692.4622802734375,0.9957998394966125,785.496826171875,699.0205078125,0.9982615113258362,963.572265625,864.8267211914062,0.9812231063842773,739.576904296875,872.7902221679688,0.989072859287262
77,2.5615588723051412,950.3016967773438,314.23699951171875,0.9750202298164368,952.1466064453125,391.7038879394531,0.9749885201454163,832.7664794921875,400.8569030761719,0.9979116320610046,907.27734375,569.462646484375,0.995961606502533,812.3743896484375,575.2674560546875,0.9986717700958252,962.0300903320312,709.071533203125,0.9917028546333313,785.0530395507812,722.6993408203125,0.9972980618476868,980.7590942382812,869.3740234375,0.9725687503814697,743.2305908203125,891.5584716796875,0.9863665699958801
78,2.5948258706467664,931.2279052734375,333.5361328125,0.980798065662384,952.8089599609375,396.4635314941406,0.9891883730888367,836.5814819335938,408.79302978515625,0.9981805086135864,907.789306640625,577.3697509765625,0.9984820485115051,817.1350708007812,585.5307006835938,0.9993382096290588,956.5402221679688,715.3804321289062,0.9961345195770264,788.6473999023438,742.5472412109375,0.9983977675437927,970.078857421875,870.4976806640625,0.9841023087501526,753.3064575195312,915.7044067382812,0.9906948804855347
79,2.6280928689883916,934.6681518554688,337.19122314453125,0.9777856469154358,952.7406005859375,401.7229919433594,0.9882447719573975,837.9263916015625,411.1101379394531,0.9978973865509033,905.470458984375,575.92333984375,0.9983086585998535,815.7838134765625,580.8311157226562,0.9992398023605347,966.193603515625,710.23095703125,0.9960193037986755,804.0319213867188,721.17041015625,0.9983057975769043,969.0731201171875,876.1458129882812,0.9845392107963562,756.55615234375,893.3328247070312,0.9908959269523621
80,2.6613598673300167,939.8968505859375,342.876708984375,0.9743033647537231,953.6842041015625,402.5555725097656,0.9859835505485535,840.0867919921875,417.3189697265625,0.9979680180549622,908.1998901367188,580.6388549804688,0.9982045888900757,819.0015258789062,588.3678588867188,0.9992666840553284,964.494873046875,715.5830078125,0.9955081939697266,798.5881958007812,731.9833374023438,0.9982419013977051,973.6879272460938,875.82958984375,0.9823664426803589,756.1048583984375,900.0762329101562,0.9900866150856018
81,2.694626865671642,941.1511840820312,335.99432373046875,0.9767940044403076,957.1602172851562,402.0203552246094,0.9845889210700989,841.6115112304688,414.6998291015625,0.9981189370155334,913.7131958007812,588.1928100585938,0.9976044297218323,823.47900390625,595.2394409179688,0.9991037249565125,968.0535888671875,720.5758666992188,0.993459939956665,800.2943115234375,734.8008422851562,0.997638463973999,979.6430053710938,876.9459228515625,0.9743441343307495,759.8499755859375,898.7311401367188,0.9862927198410034
82,2.727893864013267,939.4784545898438,338.9934387207031,0.9749907851219177,953.9427490234375,399.3907470703125,0.9867353439331055,840.3186645507812,411.460693359375,0.9977418184280396,905.423095703125,587.1134643554688,0.9980465173721313,816.6070556640625,595.2523193359375,0.999136745929718,966.1197509765625,719.0878295898438,0.9947968125343323,802.099609375,741.1728515625,0.997812032699585,981.0579223632812,873.052978515625,0.9788403511047363,760.585693359375,907.7429809570312,0.9874563813209534
83,2.761160862354892,951.7628784179688,324.39935302734375,0.9726226925849915,954.4993896484375,396.9538879394531,0.9822298288345337,838.5709228515625,410.67437744140625,0.9980560541152954,908.0728149414062,585.8316040039062,0.9976963400840759,817.9717407226562,594.6655883789062,0.9991777539253235,963.2418823242188,722.5046997070312,0.9938943982124329,799.1937255859375,745.450439453125,0.9978880286216736,976.373291015625,872.5543823242188,0.975915789604187,756.1337280273438,905.6130981445312,0.9872764945030212
84,2.7944278606965174,947.035400390625,315.5544738769531,0.9620577692985535,953.117431640625,389.8911437988281,0.9788888096809387,837.3004760742188,404.1651306152344,0.9980849027633667,914.2589721679688,581.496337890625,0.9978997707366943,824.7916259765625,590.156005859375,0.9993221759796143,962.1130981445312,724.768798828125,0.9944584369659424,800.407470703125,746.5610961914062,0.9982619881629944,974.2346801757812,878.1599731445312,0.9775102734565735,759.6002197265625,910.0479125976562,0.9889105558395386
85,2.8276948590381425,939.4194946289062,314.3918151855469,0.96323162317276,954.4132690429688,389.1219177246094,0.9815043807029724,840.1404418945312,395.61962890625,0.9981468915939331,919.3509521484375,577.2169189453125,0.9982351064682007,830.8958129882812,583.4908447265625,0.9994046688079834,966.9984741210938,710.091064453125,0.9956282377243042,803.1775512695312,730.705078125,0.9985839128494263,973.2879638671875,872.58251953125,0.9826462268829346,757.7283325195312,907.0947875976562,0.9913702011108398
86,2.8609618573797677,949.1200561523438,309.77099609375,0.9677303433418274,952.7547607421875,387.6708068847656,0.9714922308921814,835.2980346679688,398.8314514160156,0.9974134564399719,923.3995971679688,564.8128051757812,0.9951051473617554,831.5333862304688,573.046875,0.9983330368995667,968.533447265625,706.2385864257812,0.990517795085907,807.736083984375,727.027587890625,0.9967948794364929,987.9636840820312,874.8389282226562,0.96751469373703,767.7188110351562,903.8170776367188,0.9834684133529663
87,2.8942288557213933,949.6173706054688,310.0276794433594,0.9323837161064148,961.9246215820312,383.77386474609375,0.9747432470321655,832.6030883789062,388.2594909667969,0.9952889680862427,934.1512451171875,578.5277099609375,0.9965446591377258,835.0704345703125,583.4171142578125,0.9985149502754211,968.0511474609375,703.2964477539062,0.9916704893112183,803.764404296875,716.2599487304688,0.9965059757232666,977.8387451171875,883.8404541015625,0.9658574461936951,767.7529296875,897.3403930664062,0.9798172116279602
88,2.9274958540630185,958.4716796875,289.99237060546875,0.9483159780502319,965.8253173828125,373.5130920410156,0.97804194688797,833.8399658203125,379.0901184082031,0.995701253414154,938.3933715820312,566.7350463867188,0.9967795014381409,839.0864868164062,572.9638061523438,0.9985615611076355,962.9714965820312,699.9794311523438,0.9927317500114441,800.3892211914062,715.4368286132812,0.9967623949050903,977.5911254882812,884.837646484375,0.9701462388038635,767.906494140625,896.0010375976562,0.9816297292709351
89,2.9607628524046437,959.3074951171875,288.6882629394531,0.9473437666893005,958.5791015625,372.51727294921875,0.9724041819572449,834.4671630859375,372.9718322753906,0.9974578022956848,939.279052734375,571.9791870117188,0.9971376657485962,846.8516845703125,575.6079711914062,0.9990575909614563,961.478271484375,701.7886962890625,0.9934722185134888,809.1716918945312,711.2774658203125,0.9978067278862,980.249267578125,890.7653198242188,0.973721981048584,770.1808471679688,893.0797119140625,0.9865750670433044
90,2.994029850746269,949.6093139648438,292.2566833496094,0.9503426551818848,956.6478881835938,369.7570495605469,0.9814755916595459,829.9396362304688,371.29302978515625,0.9973915815353394,933.8349609375,577.5228881835938,0.9981006979942322,840.4799194335938,581.2677612304688,0.9992266893386841,957.3864135742188,718.2340087890625,0.9953312277793884,803.3600463867188,726.45751953125,0.9980894923210144,981.9057006835938,893.185546875,0.9800194501876831,775.9827270507812,895.3034057617188,0.9884958267211914
91,3.027296849087894,945.0950317382812,292.30499267578125,0.9575430750846863,956.4229125976562,373.6604309082031,0.9839357137680054,827.6371459960938,375.1615295410156,0.9976645708084106,932.6821899414062,577.4652099609375,0.9983008503913879,838.382080078125,581.1572875976562,0.9993025064468384,961.4732666015625,723.979736328125,0.995782732963562,807.7294921875,733.8012084960938,0.9982794523239136,978.7855834960938,895.1010131835938,0.9814421534538269,776.1665649414062,901.6381225585938,0.9893675446510315
92,3.060563847429519,940.0814819335938,290.76153564453125,0.9750367999076843,962.250244140625,371.6752624511719,0.9898456335067749,832.6360473632812,372.9433898925781,0.99800044298172,932.71533203125,575.0676879882812,0.998588502407074,837.8679809570312,578.7440795898438,0.9993274211883545,962.6290283203125,729.1394653320312,0.9963333606719971,808.7010498046875,740.95263671875,0.9982866644859314,980.3834838867188,895.2268676757812,0.9831814169883728,778.4276733398438,906.6820678710938,0.9895371198654175
93,3.0938308457711443,934.532958984375,295.4655456542969,0.9716740846633911,961.7257690429688,378.5007019042969,0.9919456839561462,824.7272338867188,372.03289794921875,0.9969417452812195,933.3032836914062,587.6412353515625,0.998563826084137,835.7542114257812,588.5020141601562,0.9990476965904236,961.1539916992188,734.965087890625,0.9960428476333618,808.24951171875,740.4525146484375,0.9974151849746704,981.1638793945312,900.3030395507812,0.9809936285018921,780.1701049804688,899.445556640625,0.985412061214447
94,3.1270978441127695,942.5530395507812,304.202392578125,0.9385017156600952,954.21533203125,381.429931640625,0.9858289957046509,826.070068359375,376.49066162109375,0.9967980980873108,930.2313232421875,586.3762817382812,0.9987936019897461,837.797607421875,588.0762329101562,0.9993839263916016,960.8992919921875,733.6435546875,0.9971066117286682,816.0743408203125,742.9559326171875,0.9985465407371521,980.6080322265625,899.62158203125,0.986871600151062,781.3649291992188,905.7626953125,0.9914319515228271
95,3.1603648424543946,933.52099609375,319.7384948730469,0.9299900531768799,959.286865234375,385.0679931640625,0.9884711503982544,828.764892578125,378.2524108886719,0.9949315190315247,930.3462524414062,588.7648315429688,0.9988038539886475,836.546875,589.4042358398438,0.9991455078125,964.2495727539062,742.0206298828125,0.996826171875,813.1796875,749.3397216796875,0.9977941513061523,985.4978637695312,906.54443359375,0.9843394756317139,784.1876831054688,913.0636596679688,0.9874880313873291
96,3.19363184079602,946.5989379882812,298.3672790527344,0.9804394841194153,966.1058959960938,381.3509521484375,0.9910721182823181,832.1907348632812,379.9249267578125,0.9980049729347229,931.1248168945312,586.7653198242188,0.998504638671875,834.4425659179688,590.1198120117188,0.9992327690124512,964.79736328125,736.6851196289062,0.9961632490158081,811.07666015625,749.0751342773438,0.9980702996253967,980.7057495117188,904.2696533203125,0.9826180338859558,780.0062255859375,916.4718017578125,0.988612711429596
97,3.2268988391376454,941.1848754882812,297.32110595703125,0.9799488186836243,969.2417602539062,387.51263427734375,0.9934707880020142,837.7626342773438,376.5150146484375,0.9972010850906372,927.60595703125,583.3218383789062,0.9986622333526611,832.5674438476562,583.195068359375,0.9990501999855042,967.78662109375,724.6066284179688,0.9965672492980957,815.5718994140625,733.9325561523438,0.9976295232772827,986.6904296875,904.002685546875,0.9831883311271667,782.9886474609375,914.4512329101562,0.9866472482681274
98,3.2601658374792706,942.6641845703125,303.2295227050781,0.9626882076263428,967.5015258789062,388.53765869140625,0.9913707971572876,840.4911499023438,377.6893615722656,0.9962939620018005,929.383544921875,583.014404296875,0.9987620115280151,836.782470703125,582.3723754882812,0.9991200566291809,965.9276733398438,729.1380615234375,0.9968103766441345,814.8402709960938,737.3771362304688,0.9977806210517883,988.913818359375,906.9640502929688,0.9840217232704163,780.6649169921875,915.4340209960938,0.9872490763664246
99,3.2934328358208957,947.876220703125,309.9714660644531,0.9505307674407959,968.630126953125,391.0934143066406,0.987122118473053,838.6156005859375,382.9457702636719,0.996401309967041,932.4899291992188,595.1146240234375,0.9984923601150513,838.141845703125,595.9893188476562,0.9991328120231628,964.134033203125,726.9991455078125,0.9962134957313538,814.2122192382812,736.6182861328125,0.997861921787262,983.7832641601562,908.8980102539062,0.9824984073638916,779.796630859375,917.0048217773438,0.9877024292945862
100,3.326699834162521,951.6177978515625,304.8164978027344,0.9474027156829834,971.272216796875,398.96612548828125,0.9860536456108093,830.8932495117188,382.6079406738281,0.9940881729125977,937.45263671875,598.2402954101562,0.9975023865699768,835.3333740234375,597.2386474609375,0.9983646273612976,963.7577514648438,733.9471435546875,0.9936502575874329,809.8779296875,742.6273193359375,0.9959242343902588,979.0287475585938,912.7937622070312,0.9706125259399414,773.8348388671875,916.69287109375,0.9774488806724548
101,3.359966832504146,954.1646728515625,304.9181823730469,0.9456961750984192,970.3796997070312,398.9685974121094,0.982282817363739,830.1331787109375,383.8973693847656,0.993300199508667,938.2696533203125,606.3019409179688,0.9965794682502747,836.2695922851562,606.2103881835938,0.9978860020637512,964.948486328125,735.1777954101562,0.9917620420455933,812.0224609375,745.0191650390625,0.9950049519538879,980.45166015625,914.2676391601562,0.9654815793037415,774.9937744140625,918.8490600585938,0.9743057489395142
102,3.3932338308457712,940.8065185546875,311.13958740234375,0.9740527868270874,966.950927734375,404.4950866699219,0.9914865493774414,834.5108642578125,389.3464050292969,0.9971375465393066,928.976806640625,604.6727294921875,0.9985511898994446,832.6837158203125,603.3344116210938,0.999096155166626,961.9692993164062,738.687744140625,0.9962271451950073,811.6802368164062,748.6483764648438,0.9977173805236816,983.7724609375,909.0066528320312,0.9824528694152832,781.140380859375,921.92578125,0.9871201515197754
103,3.4265008291873964,952.7144165039062,322.25701904296875,0.932622492313385,968.594970703125,408.0406799316406,0.9822791814804077,832.7479858398438,388.8987121582031,0.9935838580131531,939.2986450195312,602.21484375,0.997087299823761,839.8386840820312,599.99462890625,0.9982352256774902,968.3925170898438,725.177001953125,0.9930226802825928,816.8580932617188,730.318115234375,0.9958462119102478,987.107177734375,912.7780151367188,0.9695966839790344,784.5870361328125,912.8411865234375,0.977837085723877
104,3.4597678275290216,956.9771118164062,321.8068542480469,0.9435334801673889,972.3109741210938,406.74786376953125,0.9845752716064453,833.5960693359375,389.8975524902344,0.9947998523712158,938.62353515625,599.246337890625,0.9974767565727234,837.1309204101562,598.3728637695312,0.9985155463218689,971.33154296875,736.0021362304688,0.9931740164756775,815.3873291015625,744.5841674804688,0.9960581064224243,987.3944702148438,916.1240844726562,0.9672113060951233,777.3153686523438,920.1189575195312,0.9764261841773987
105,3.4930348258706467,957.9381103515625,322.888427734375,0.9416869878768921,972.7230834960938,408.79595947265625,0.9842978119850159,839.8145141601562,392.76837158203125,0.9946222305297852,938.2015380859375,603.4551391601562,0.9974721074104309,840.9281616210938,603.5537109375,0.998502254486084,967.394775390625,735.3580322265625,0.9933109283447266,818.7898559570312,748.2850341796875,0.9961154460906982,988.7360229492188,915.9483642578125,0.9685056209564209,776.3995971679688,925.7998046875,0.9771694540977478
106,3.526301824212272,960.0010986328125,346.9492492675781,0.9312052726745605,975.6273803710938,414.000732421875,0.9807718396186829,835.6026000976562,397.5201416015625,0.9932602047920227,941.52978515625,602.8232421875,0.9970302581787109,840.0260620117188,603.0381469726562,0.9982089996337891,969.9098510742188,726.533447265625,0.9929962754249573,818.1066284179688,740.2196655273438,0.9958181977272034,989.1868286132812,911.9686889648438,0.9692920446395874,783.9650268554688,922.6056518554688,0.9773968458175659
107,3.5595688225538975,958.8524780273438,340.53076171875,0.9631129503250122,979.0918579101562,415.39300537109375,0.9846171140670776,833.7942504882812,403.2136535644531,0.994927167892456,944.2659912109375,614.7460327148438,0.9963012933731079,839.3360595703125,617.10302734375,0.9978364109992981,979.2656860351562,724.662109375,0.9906601309776306,820.0382080078125,740.827880859375,0.9946224689483643,989.1043090820312,912.7490844726562,0.9598662257194519,783.6143188476562,926.7444458007812,0.9710162878036499
108,3.5928358208955227,952.3784790039062,355.17095947265625,0.9759397506713867,981.2063598632812,421.0862731933594,0.9910165071487427,836.2003784179688,406.0544128417969,0.9953706860542297,941.303466796875,615.897216796875,0.9970115423202515,837.150146484375,617.06591796875,0.9978154897689819,978.8236694335938,725.329345703125,0.9919143915176392,821.1504516601562,740.91455078125,0.9942235350608826,987.1929931640625,914.61279296875,0.9618264436721802,785.9716796875,929.2906494140625,0.9686158895492554
109,3.626102819237148,954.7592163085938,358.861083984375,0.9700050950050354,983.4183349609375,419.09271240234375,0.9899426698684692,839.5985107421875,407.8841857910156,0.9948563575744629,946.0188598632812,623.2979736328125,0.9970334768295288,842.9994506835938,625.1181640625,0.9978348612785339,984.4509887695312,731.9746704101562,0.9916227459907532,823.5955810546875,746.9564208984375,0.9940208792686462,990.215576171875,915.9998168945312,0.960589587688446,788.9302368164062,931.392578125,0.9675897359848022
110,3.659369817578773,969.9583740234375,352.40350341796875,0.9722571969032288,985.3819580078125,424.077392578125,0.9846577048301697,841.6469116210938,412.0593566894531,0.9949678778648376,946.7208862304688,623.2220458984375,0.9950403571128845,843.1990356445312,625.2139892578125,0.9970883727073669,984.9847412109375,737.62646484375,0.9870482087135315,822.3232421875,752.6922607421875,0.9924553632736206,992.4869384765625,914.1304321289062,0.9472220540046692,784.1682739257812,928.7927856445312,0.9613423347473145
111,3.692636815920398,986.1084594726562,345.4412841796875,0.960953414440155,992.5122680664062,423.2727355957031,0.9814862608909607,851.677734375,410.68243408203125,0.9952125549316406,948.506103515625,616.8930053710938,0.9959208965301514,846.5739135742188,618.4879760742188,0.9978493452072144,981.4321899414062,745.9227905273438,0.9893107414245605,819.2122192382812,762.6954345703125,0.9943245053291321,998.511474609375,916.1635131835938,0.9546048045158386,776.6023559570312,932.7762451171875,0.9684669375419617
112,3.7259038142620233,988.3282470703125,352.002685546875,0.9660729169845581,999.9789428710938,433.91729736328125,0.9809191823005676,859.519287109375,416.9808654785156,0.9958041310310364,955.9072875976562,624.6326293945312,0.9954278469085693,854.0186157226562,624.6849975585938,0.9977783560752869,988.688232421875,741.607177734375,0.9880250096321106,828.5086669921875,756.4342041015625,0.994195282459259,994.9193725585938,918.3268432617188,0.9507798552513123,780.4583740234375,934.2733764648438,0.9678244590759277
113,3.7591708126036485,992.6701049804688,349.7065734863281,0.9263290762901306,1004.8279418945312,429.8546447753906,0.9731006026268005,866.9654541015625,418.25079345703125,0.9939006567001343,953.9990844726562,620.1264038085938,0.9953378438949585,855.1705322265625,621.5626831054688,0.9976919889450073,986.5316162109375,746.4254760742188,0.987151026725769,833.7755126953125,762.0337524414062,0.9936624765396118,992.0270385742188,917.9112548828125,0.9448511600494385,781.874267578125,933.4542846679688,0.9633643627166748
114,3.7924378109452737,1006.5667114257812,354.1055603027344,0.8861887454986572,1010.0213012695312,435.5320129394531,0.9652431607246399,873.2594604492188,418.3109436035156,0.9926549196243286,954.5820922851562,620.801513671875,0.9953670501708984,856.0557861328125,620.58935546875,0.9977565407752991,987.7989501953125,748.9125366210938,0.9867245554924011,833.99853515625,765.09521484375,0.9935291409492493,997.69580078125,919.3450927734375,0.940371036529541,780.3132934570312,937.4876098632812,0.960350513458252
115,3.825704809286899,1008.8875122070312,354.547119140625,0.9220904111862183,1012.2473754882812,434.0325622558594,0.9699743986129761,883.14208984375,415.18377685546875,0.9937894940376282,952.7510375976562,601.0113525390625,0.9957091808319092,859.0650024414062,599.5618896484375,0.9979444146156311,995.1993408203125,735.743408203125,0.989380955696106,844.082763671875,748.9346923828125,0.9949361085891724,996.3410034179688,914.9594116210938,0.9550403356552124,780.2413330078125,930.2462768554688,0.9708985090255737
116,3.858971807628524,1030.21484375,356.7829284667969,0.9356885552406311,1017.9329223632812,436.320556640625,0.9638687968254089,888.049072265625,414.6429748535156,0.9950017333030701,955.976318359375,606.09326171875,0.9944770932197571,861.7167358398438,603.891357421875,0.9977948665618896,999.950927734375,735.4461059570312,0.9870131611824036,846.8694458007812,746.3424682617188,0.9947552680969238,1000.7333374023438,917.9672241210938,0.9495931267738342,784.2090454101562,929.3441162109375,0.9703474640846252
117,3.8922388059701496,1039.656005859375,359.52044677734375,0.8924990892410278,1028.92236328125,441.7164001464844,0.9485796093940735,889.82958984375,421.6954650878906,0.9950153231620789,975.8038330078125,619.5225830078125,0.9954147338867188,875.2124633789062,619.6307983398438,0.9984734654426575,1025.6304931640625,741.0245971679688,0.9883803129196167,859.6569213867188,762.1900634765625,0.9961549639701843,1005.2216186523438,908.77001953125,0.954352855682373,779.0938110351562,937.9497680664062,0.9760972261428833
118,3.9255058043117748,1049.083740234375,355.8471984863281,0.9416707158088684,1033.3714599609375,439.85992431640625,0.9323490262031555,908.25830078125,416.02093505859375,0.9953239560127258,979.3870849609375,622.697021484375,0.9880415201187134,882.5326538085938,618.5658569335938,0.9962971806526184,1027.2247314453125,766.8790283203125,0.97446209192276,860.41259765625,775.0534057617188,0.9920807480812073,1033.8387451171875,922.0060424804688,0.9119750261306763,782.65673828125,936.5262451171875,0.9571884274482727
119,3.9587728026534,1024.1256103515625,403.4373779296875,0.9353833794593811,1035.45703125,447.5137939453125,0.926779568195343,906.8456420898438,432.61322021484375,0.993732750415802,984.267333984375,611.79345703125,0.9891754984855652,881.378173828125,612.9334716796875,0.9963889122009277,1064.0413818359375,740.9681396484375,0.9782796502113342,871.5987548828125,763.6146850585938,0.9932090640068054,1062.8475341796875,889.5038452148438,0.9315560460090637,785.890380859375,934.5481567382812,0.967012345790863
120,3.992039800995025,1055.006591796875,391.5685119628906,0.9218688011169434,1060.2569580078125,459.6975402832031,0.9659276008605957,925.9381713867188,434.4267272949219,0.9966358542442322,996.5078125,622.06005859375,0.9975026249885559,893.2119140625,621.2920532226562,0.9991452693939209,1089.36474609375,737.3411865234375,0.9920851588249207,891.6995239257812,758.4208984375,0.9974306225776672,1093.78271484375,913.8123779296875,0.9637318253517151,789.8344116210938,944.5397338867188,0.9815130233764648
121,4.02530679933665,1063.392578125,421.9080810546875,0.9553359150886536,1061.0206298828125,453.8236999511719,0.9722847938537598,931.2667236328125,443.18243408203125,0.9940947890281677,1000.1358032226562,609.7212524414062,0.9959291815757751,897.1490478515625,617.3258056640625,0.9980531930923462,1092.7398681640625,715.9990844726562,0.9905874133110046,879.345703125,753.3436889648438,0.995648205280304,1131.9295654296875,900.3975830078125,0.9653714895248413,801.83154296875,948.3301391601562,0.9775790572166443
122,4.058573797678275,1080.61376953125,421.7189025878906,0.9591864347457886,1071.6512451171875,464.4303894042969,0.9676671624183655,947.7288208007812,437.8944396972656,0.9938467144966125,1008.2150268554688,618.8690795898438,0.9953761100769043,905.8576049804688,622.8010864257812,0.9978780746459961,1116.0869140625,714.5021362304688,0.9888644218444824,885.0126953125,750.9006958007812,0.995042085647583,1191.3455810546875,903.7150268554688,0.9599981904029846,803.4129638671875,954.0682983398438,0.9744086265563965
123,4.091840796019901,1100.531982421875,436.1512756347656,0.8736479878425598,1078.7601318359375,471.0697937011719,0.9609711170196533,971.9874267578125,442.23883056640625,0.9936665892601013,1007.6273803710938,608.3450317382812,0.9980798959732056,913.9083862304688,607.0869750976562,0.999106228351593,1137.5479736328125,745.968994140625,0.994299054145813,896.6837768554688,762.4835815429688,0.9974420070648193,1218.7364501953125,921.9657592773438,0.9734753966331482,802.193115234375,947.9529418945312,0.9832329154014587
124,4.125107794361526,1141.0135498046875,408.7486267089844,0.96560138463974,1134.0645751953125,476.17376708984375,0.9852828979492188,1005.1461791992188,454.3634338378906,0.9966712594032288,1059.4249267578125,652.5538330078125,0.9981189370155334,949.1863403320312,652.1080932617188,0.9990236759185791,1173.0633544921875,774.8383178710938,0.9884185194969177,897.9043579101562,793.9315795898438,0.9941532015800476,1233.1146240234375,923.5453491210938,0.9367066621780396,798.2222900390625,947.8319091796875,0.9558919668197632
125,4.158374792703151,1169.5184326171875,409.8822326660156,0.9331239461898804,1156.12353515625,478.2329406738281,0.9771093726158142,1020.6976318359375,455.67352294921875,0.9934298396110535,1064.096435546875,645.2445678710938,0.9973547458648682,948.0596923828125,643.323486328125,0.9985039234161377,1175.9981689453125,772.70068359375,0.9891996383666992,891.6156616210938,786.989013671875,0.994002640247345,1242.3099365234375,920.15625,0.9484165906906128,797.212646484375,937.4566040039062,0.961707353591919
126,4.191641791044776,1193.255615234375,416.26751708984375,0.9555504322052002,1160.3160400390625,468.084716796875,0.9797998070716858,1067.98974609375,470.40966796875,0.9945096373558044,1065.7291259765625,628.6077270507812,0.997908353805542,973.8438720703125,630.48876953125,0.9988470077514648,1197.621337890625,774.4327392578125,0.992885410785675,917.4603881835938,785.7598266601562,0.996215283870697,1258.8587646484375,927.95361328125,0.9684910774230957,794.4591064453125,942.42333984375,0.9771378040313721
127,4.224908789386402,1228.234130859375,422.59954833984375,0.9384565949440002,1212.8646240234375,472.0569763183594,0.9889076352119446,1097.385498046875,487.6114196777344,0.995733916759491,1090.2171630859375,634.5868530273438,0.9993440508842468,986.3507080078125,641.5360717773438,0.999512791633606,1220.1126708984375,770.278076171875,0.9976747632026672,943.7026977539062,787.0687866210938,0.9983881711959839,1263.364501953125,930.49072265625,0.9874576926231384,810.6866455078125,942.656982421875,0.9892476201057434
128,4.258175787728026,1244.9339599609375,442.55926513671875,0.8925549387931824,1205.623291015625,461.6546630859375,0.9725278615951538,1118.959716796875,500.30126953125,0.9937679767608643,1091.6317138671875,635.983154296875,0.9987025260925293,1003.6351928710938,651.8970336914062,0.9992558360099792,1236.2003173828125,752.631103515625,0.9961549639701843,958.948486328125,779.6052856445312,0.9979400038719177,1284.218994140625,927.9728393554688,0.9835830330848694,806.7236938476562,948.2616577148438,0.987851619720459
129,4.291442786069652,1264.3597412109375,447.6175231933594,0.8934151530265808,1178.93994140625,483.18951416015625,0.9600309133529663,1161.7935791015625,487.5683898925781,0.9964389801025391,1067.0689697265625,658.1287841796875,0.9969899654388428,1031.67138671875,662.927001953125,0.9990164041519165,1191.6748046875,757.198486328125,0.9934565424919128,1023.7684936523438,777.4894409179688,0.9979739785194397,1211.669677734375,911.82568359375,0.9789493083953857,901.3037109375,950.0379638671875,0.9890345335006714
130,4.324709784411277,1285.8505859375,459.79193115234375,0.7673739790916443,1179.22216796875,486.2399597167969,0.979810357093811,1197.978271484375,500.19287109375,0.9975263476371765,1042.374755859375,676.7982788085938,0.995701014995575,1090.005126953125,682.7017211914062,0.9980635046958923,1000.7993774414062,752.9600830078125,0.9927002787590027,1257.71142578125,762.548095703125,0.9970755577087402,851.2531127929688,915.244140625,0.9740641117095947,1273.8292236328125,928.8272094726562,0.9844592809677124
131,4.357976782752902,1319.091064453125,462.64105224609375,0.9084249138832092,1262.572998046875,441.5255432128906,0.9866541028022766,1207.3388671875,517.729248046875,0.9947894811630249,1110.5032958984375,618.2177734375,0.9991471767425537,1045.0623779296875,643.5177612304688,0.9993513226509094,1239.554931640625,762.7277221679688,0.9968121647834778,1006.8514404296875,802.2149658203125,0.9978634715080261,1236.68115234375,912.6879272460938,0.9819419384002686,836.1420288085938,943.3447875976562,0.9842537641525269
132,4.391243781094527,1326.6837158203125,499.714599609375,0.6186956167221069,1251.77685546875,447.01409912109375,0.9869915246963501,1249.6611328125,521.7139892578125,0.9962084293365479,1068.3135986328125,609.300048828125,0.9984484910964966,1108.2559814453125,635.7243041992188,0.9989234805107117,995.3395385742188,734.764892578125,0.9960740804672241,1268.007080078125,783.3521728515625,0.9976366758346558,825.8666381835938,884.677734375,0.9774422645568848,1283.991943359375,939.5443725585938,0.981436550617218
133,4.424510779436153,1361.992431640625,480.3777770996094,0.8372969627380371,1285.573974609375,451.91363525390625,0.9794048070907593,1247.6123046875,518.3684692382812,0.9903443455696106,1133.7064208984375,624.9118041992188,0.9987438321113586,1075.1077880859375,644.9957275390625,0.9988709092140198,1262.0980224609375,768.30126953125,0.9958321452140808,1006.5311279296875,788.635986328125,0.9968170523643494,1271.2735595703125,917.0233154296875,0.9804252982139587,804.6903076171875,914.1561279296875,0.9819093942642212
134,4.457777777777778,1370.6962890625,496.943115234375,0.7075183391571045,1284.91455078125,461.76580810546875,0.9681810140609741,1280.9000244140625,527.1893310546875,0.9910118579864502,1105.8212890625,639.9825439453125,0.997535228729248,1085.7332763671875,658.1337280273438,0.998281717300415,1165.3162841796875,763.1548461914062,0.9942561984062195,1056.3702392578125,788.366455078125,0.9966495633125305,1081.3143310546875,911.7940063476562,0.9762148261070251,878.4794311523438,927.9430541992188,0.9816812872886658
135,4.491044776119403,1391.50390625,485.918701171875,0.9362765550613403,1322.682861328125,454.0979919433594,0.9893635511398315,1288.4132080078125,538.2551879882812,0.9943344593048096,1138.0267333984375,613.701171875,0.9990290403366089,1082.69580078125,639.0203247070312,0.9990795850753784,1255.0872802734375,751.1419067382812,0.9965356588363647,1013.1310424804688,786.3887939453125,0.9971283078193665,1256.4742431640625,905.086181640625,0.9817387461662292,808.1707763671875,922.5633544921875,0.981635570526123
136,4.524311774461029,1395.5750732421875,491.9931640625,0.895376980304718,1328.7401123046875,459.53521728515625,0.9883801937103271,1288.4832763671875,535.7644653320312,0.9944984316825867,1152.2366943359375,613.4287719726562,0.9989516735076904,1098.447998046875,632.9780883789062,0.9990656971931458,1276.2099609375,734.4756469726562,0.9967526793479919,1067.919677734375,734.6460571289062,0.997473418712616,1269.1177978515625,904.3357543945312,0.9846108555793762,882.9261474609375,863.7886962890625,0.98574298620224
137,4.557578772802653,1398.58740234375,501.1336975097656,0.7931273579597473,1327.1424560546875,463.4908752441406,0.9870187044143677,1304.1453857421875,535.1444091796875,0.9945304989814758,1116.3956298828125,635.5924682617188,0.9979708790779114,1115.131103515625,653.9452514648438,0.9982714653015137,1106.23486328125,762.8349609375,0.995643138885498,1198.5338134765625,782.0750122070312,0.9968805313110352,956.5596313476562,915.6109008789062,0.9795699715614319,1108.1654052734375,920.0625,0.9819813370704651
138,4.590845771144279,1397.2783203125,498.3659362792969,0.7859528064727783,1334.883544921875,453.5068359375,0.9811255931854248,1314.5040283203125,527.204833984375,0.9879371523857117,1142.3660888671875,623.7393798828125,0.9980713725090027,1109.2843017578125,644.5228271484375,0.9980134963989258,1223.8194580078125,743.3150024414062,0.9947688579559326,1075.3026123046875,773.5631103515625,0.9954183101654053,1176.2196044921875,891.5133056640625,0.9763523936271667,895.4780883789062,911.697509765625,0.9760296940803528
139,4.624112769485904,1409.689208984375,498.5649719238281,0.8267112970352173,1323.014404296875,471.425537109375,0.9642511606216431,1313.477783203125,516.5618896484375,0.9921594858169556,1158.3717041015625,624.8037719726562,0.9978387951850891,1121.9862060546875,637.3899536132812,0.9987278580665588,1289.267578125,752.969970703125,0.9942008852958679,1066.8206787109375,771.978759765625,0.9970198273658752,1277.6392822265625,895.2249755859375,0.9785096645355225,842.5643920898438,906.5145263671875,0.9844337701797485
140,4.657379767827529,1426.6949462890625,501.1495056152344,0.911171555519104,1363.6171875,463.5107116699219,0.9813960194587708,1313.4046630859375,522.2267456054688,0.9944716691970825,1179.410888671875,608.3025512695312,0.9987978935241699,1117.6995849609375,624.8720092773438,0.9991528987884521,1301.0726318359375,742.7412109375,0.99628746509552,1063.707275390625,773.6326904296875,0.9978132247924805,1269.9908447265625,885.8675537109375,0.9831039905548096,845.6332397460938,913.0972290039062,0.9866112470626831
141,4.690646766169154,1432.1005859375,503.63616943359375,0.8771117925643921,1361.745849609375,458.4466552734375,0.9812934994697571,1322.1474609375,523.6740112304688,0.9956362843513489,1153.1287841796875,606.8692016601562,0.9977203011512756,1129.4619140625,621.3928833007812,0.9986560344696045,1169.3154296875,742.4610595703125,0.9951829314231873,1165.2359619140625,764.0427856445312,0.9975734353065491,1035.5152587890625,910.3954467773438,0.9791901111602783,1033.0521240234375,920.117431640625,0.9850509166717529
142,4.72391376451078,1429.939453125,501.40594482421875,0.8190209269523621,1356.7703857421875,464.575927734375,0.9792263507843018,1327.91015625,524.4948120117188,0.9929128289222717,1163.714599609375,632.2442016601562,0.9982245564460754,1131.0780029296875,648.3543090820312,0.9986592531204224,1232.9703369140625,739.5635375976562,0.9960065484046936,1119.9698486328125,767.8877563476562,0.9974964261054993,1148.0196533203125,894.7494506835938,0.9838358163833618,941.19970703125,918.927490234375,0.9868489503860474
143,4.757180762852405,1438.7655029296875,491.81689453125,0.8965938091278076,1356.6405029296875,477.093017578125,0.9861294627189636,1328.879150390625,528.8648071289062,0.9951465725898743,1188.550537109375,623.2549438476562,0.9991024732589722,1139.6544189453125,637.3244018554688,0.9993044137954712,1295.7236328125,757.4846801757812,0.997090220451355,1065.7564697265625,777.9567260742188,0.9980258941650391,1280.6875,894.8712158203125,0.9861232042312622,845.947998046875,901.5558471679688,0.9879961609840393
144,4.79044776119403,1433.7606201171875,492.92864990234375,0.823024332523346,1314.3387451171875,465.270263671875,0.9865490794181824,1349.08837890625,530.7406616210938,0.9989120960235596,1123.4534912109375,596.6189575195312,0.9986559152603149,1181.95947265625,620.1321411132812,0.9995161294937134,1060.5635986328125,718.482177734375,0.9977014660835266,1316.7117919921875,780.0298461914062,0.9992896318435669,869.8057861328125,854.625,0.9901118874549866,1281.012451171875,940.4575805664062,0.9946587681770325
145,4.8237147595356555,1436.150634765625,501.8401794433594,0.8201084733009338,1352.0806884765625,467.1585388183594,0.985355019569397,1341.338623046875,533.3115844726562,0.9950593709945679,1157.3167724609375,629.1242065429688,0.9984312653541565,1145.5782470703125,647.28076171875,0.9988023042678833,1198.9783935546875,736.639404296875,0.996757447719574,1161.3404541015625,763.61865234375,0.9979352951049805,1088.73876953125,893.0531616210938,0.9863584637641907,1004.7506103515625,911.1524658203125,0.9888733625411987
146,4.85698175787728,1430.3731689453125,500.0986633300781,0.7550693154335022,1340.8116455078125,471.4662780761719,0.9818949103355408,1341.4468994140625,534.2304077148438,0.9972147345542908,1138.4190673828125,639.700927734375,0.997383177280426,1165.5030517578125,657.9860229492188,0.998623251914978,1100.0616455078125,737.042236328125,0.9951909780502319,1280.47900390625,764.0389404296875,0.9978896975517273,914.1905517578125,885.7582397460938,0.9811630845069885,1215.1297607421875,908.9906616210938,0.9879433512687683
147,4.890248756218906,1430.6448974609375,496.9896240234375,0.7124958038330078,1323.9775390625,472.1917419433594,0.9784809350967407,1344.1683349609375,534.7362670898438,0.9977594614028931,1134.5738525390625,627.272216796875,0.9977787137031555,1181.952392578125,652.9552001953125,0.999030590057373,1067.4788818359375,720.6624755859375,0.9960438013076782,1310.532470703125,789.74267578125,0.9985604882240295,879.3477783203125,845.930419921875,0.9840048551559448,1274.34130859375,942.375732421875,0.9905638694763184
148,4.923515754560531,1435.3984375,491.5522155761719,0.7492358088493347,1332.0977783203125,467.2795715332031,0.9839410185813904,1343.95947265625,538.1328735351562,0.9980037808418274,1138.6182861328125,622.453857421875,0.998143196105957,1181.081787109375,651.4044189453125,0.9991023540496826,1070.8377685546875,719.4849243164062,0.9960519671440125,1317.3038330078125,794.376220703125,0.9984157085418701,875.9029541015625,849.9130249023438,0.9806011915206909,1276.3482666015625,950.4737548828125,0.987718939781189
149,4.956782752902156,1437.320556640625,494.419921875,0.8327325582504272,1340.54296875,456.3937683105469,0.98893141746521,1347.2244873046875,534.7018432617188,0.9982537627220154,1141.4154052734375,613.40576171875,0.9983823299407959,1180.3052978515625,640.9242553710938,0.999173104763031,1083.8599853515625,716.7401733398438,0.9962583780288696,1318.41943359375,778.6627807617188,0.9983721375465393,892.2647705078125,862.9212036132812,0.9807103276252747,1274.6204833984375,936.92138671875,0.9870033860206604
150,4.990049751243781,1439.291748046875,495.8294982910156,0.7814496755599976,1337.484130859375,456.9548034667969,0.9903029799461365,1352.9776611328125,533.8961181640625,0.9979327917098999,1138.7315673828125,617.9741821289062,0.9986717700958252,1185.6331787109375,642.8289184570312,0.9992074370384216,1069.626708984375,733.8140869140625,0.9968344569206238,1317.6798095703125,783.2858276367188,0.9983692765235901,883.0355224609375,880.2830200195312,0.9829439520835876,1276.5599365234375,930.59326171875,0.9872704744338989
151,5.0233167495854065,1443.6080322265625,499.55340576171875,0.7395787239074707,1325.92724609375,458.21099853515625,0.9836994409561157,1362.461181640625,527.890625,0.9979054927825928,1129.5810546875,615.1602783203125,0.9976499676704407,1192.7069091796875,635.6068115234375,0.9989203214645386,1055.886474609375,741.8056640625,0.9953075051307678,1323.2454833984375,775.5759887695312,0.9980939030647278,867.662841796875,888.30029296875,0.979636549949646,1282.6336669921875,917.271240234375,0.9870245456695557
152,5.056583747927031,1445.2086181640625,502.680908203125,0.7376503348350525,1348.2154541015625,453.2726745605469,0.9690801501274109,1356.3087158203125,527.4495849609375,0.9905345439910889,1152.800048828125,648.0875854492188,0.9962621331214905,1153.8094482421875,669.4430541992188,0.9974573254585266,1185.6943359375,752.174560546875,0.9909680485725403,1170.318359375,786.5615844726562,0.9947339296340942,1069.021728515625,904.9974975585938,0.9645178914070129,1004.8599853515625,925.7488403320312,0.9720296263694763
153,5.089850746268657,1447.675048828125,499.50677490234375,0.6604858636856079,1329.6522216796875,465.37408447265625,0.9734520316123962,1367.9088134765625,530.8129272460938,0.9965594410896301,1136.8372802734375,642.682373046875,0.9968438148498535,1198.5052490234375,663.3533325195312,0.998458743095398,1069.39990234375,759.9778442382812,0.9952592253684998,1326.0164794921875,794.2630004882812,0.9980011582374573,868.6454467773438,890.8074340820312,0.9844704866409302,1274.6688232421875,925.2826538085938,0.9901605844497681
154,5.1231177446102825,1444.10595703125,499.5550231933594,0.6935961246490479,1330.4559326171875,456.3368225097656,0.9746404886245728,1359.5081787109375,528.1149291992188,0.9970898628234863,1136.6759033203125,627.988037109375,0.997136116027832,1192.744140625,654.105224609375,0.9987693428993225,1078.468505859375,723.6526489257812,0.9950203895568848,1332.9830322265625,785.5353393554688,0.9981597065925598,883.3396606445312,857.1903076171875,0.9814583659172058,1284.61669921875,935.9630737304688,0.9886943697929382
155,5.156384742951907,1445.712158203125,499.15740966796875,0.717150092124939,1332.7647705078125,463.3987731933594,0.9753444790840149,1359.1761474609375,528.0087890625,0.9969922304153442,1140.072509765625,628.0677490234375,0.9969838261604309,1192.402587890625,652.9005737304688,0.9986673593521118,1092.645751953125,720.3509521484375,0.9947977066040039,1335.722412109375,785.0687866210938,0.9980327486991882,903.8307495117188,852.6734619140625,0.9806146025657654,1288.1258544921875,939.4618530273438,0.9880293011665344
156,5.189651741293533,1445.484130859375,500.7371520996094,0.7179369330406189,1328.0423583984375,474.10711669921875,0.9788382053375244,1356.997314453125,528.9334106445312,0.9975934624671936,1137.366943359375,638.1180419921875,0.9972925782203674,1191.7576904296875,656.5553588867188,0.9988470077514648,1090.7840576171875,743.0720825195312,0.9946436882019043,1336.530029296875,786.4730224609375,0.9980279803276062,895.4130249023438,871.4560546875,0.9785513281822205,1283.5670166015625,925.5625,0.9871345162391663
157,5.2229187396351575,1443.700927734375,500.4240417480469,0.7555489540100098,1340.68603515625,472.39617919921875,0.9820097088813782,1353.5435791015625,534.7142333984375,0.9963915944099426,1149.934326171875,650.1484375,0.9970555305480957,1184.942626953125,668.384033203125,0.9983459711074829,1127.259765625,758.7177124023438,0.9942796230316162,1310.6605224609375,787.1321411132812,0.997230589389801,957.302490234375,894.6980590820312,0.9780195951461792,1245.1334228515625,916.8329467773438,0.9846181869506836
158,5.256185737976783,1444.7335205078125,498.4611511230469,0.7504314184188843,1354.222900390625,472.12005615234375,0.977134644985199,1348.1453857421875,539.2430419921875,0.9927256107330322,1171.5987548828125,662.4309692382812,0.997298538684845,1168.9559326171875,682.2572631835938,0.9979935884475708,1192.155517578125,757.7918701171875,0.9947532415390015,1204.0191650390625,787.8356323242188,0.9966846108436584,1064.728515625,896.8005981445312,0.9811235070228577,1063.392822265625,916.437744140625,0.9846351742744446
159,5.289452736318408,1446.1126708984375,499.3196716308594,0.756901204586029,1345.798583984375,468.9277038574219,0.9833395481109619,1348.9578857421875,537.3110961914062,0.9952357411384583,1152.0235595703125,656.5376586914062,0.9968286156654358,1175.4654541015625,675.9517822265625,0.9978650212287903,1137.0157470703125,758.1908569335938,0.9929612278938293,1283.60400390625,784.954345703125,0.9958788156509399,981.7033081054688,899.1463623046875,0.9708490967750549,1203.7816162109375,911.1989135742188,0.9768443703651428
160,5.3227197346600335,1445.116455078125,499.01678466796875,0.7796059250831604,1366.7755126953125,461.2745361328125,0.981845498085022,1347.0042724609375,534.5899658203125,0.9908167123794556,1175.9339599609375,657.9636840820312,0.9975390434265137,1158.554931640625,677.8494873046875,0.9978312849998474,1219.0555419921875,756.9334716796875,0.9927338361740112,1175.0338134765625,787.5504150390625,0.9944239258766174,1108.6849365234375,898.3370361328125,0.9665492177009583,1010.791259765625,913.5850219726562,0.9682379364967346
161,5.355986733001658,1441.2816162109375,497.5643005371094,0.853266179561615,1376.26318359375,467.6553039550781,0.9835416674613953,1336.2510986328125,531.85986328125,0.9894261360168457,1207.5362548828125,658.9925537109375,0.998528242111206,1154.645263671875,676.8171997070312,0.9984513521194458,1304.97900390625,763.6173706054688,0.9946131110191345,1086.96435546875,790.053466796875,0.9951139688491821,1262.5,897.1239624023438,0.9746651649475098,873.5401611328125,910.98583984375,0.973665714263916
162,5.389253731343284,1436.0716552734375,490.9172058105469,0.8979780077934265,1376.1837158203125,471.462646484375,0.9861226081848145,1331.837158203125,529.8499145507812,0.9911870360374451,1212.1199951171875,655.0449829101562,0.9986894726753235,1155.468017578125,670.0908813476562,0.9986384510993958,1310.9052734375,770.5323486328125,0.995394229888916,1081.9031982421875,790.4053344726562,0.9958756566047668,1270.2838134765625,901.2921752929688,0.9791889786720276,865.7694091796875,907.5091552734375,0.9786353707313538
163,5.422520729684909,1432.244873046875,488.6651916503906,0.8472891449928284,1355.16357421875,464.9296875,0.9828866124153137,1337.6688232421875,528.5333862304688,0.9916734099388123,1193.178466796875,651.883544921875,0.9983447790145874,1159.292236328125,669.8125,0.9985072016716003,1286.1845703125,762.6812133789062,0.9955458641052246,1113.7939453125,786.6405029296875,0.9965537786483765,1228.37548828125,897.2382202148438,0.9822554588317871,913.4002075195312,909.0601196289062,0.9835335612297058
164,5.455787728026534,1441.7904052734375,483.1703186035156,0.8036768436431885,1352.33984375,466.2333068847656,0.945065438747406,1336.0521240234375,516.9414672851562,0.9918183088302612,1199.294189453125,649.7404174804688,0.9971823692321777,1160.45703125,663.663818359375,0.9986441731452942,1299.6463623046875,768.818115234375,0.9944592714309692,1093.775390625,783.9461669921875,0.9975348711013794,1278.3720703125,906.0260009765625,0.9848013520240784,886.4949340820312,909.9497680664062,0.9900074005126953
165,5.48905472636816,1435.415283203125,472.4706115722656,0.8360440731048584,1339.6153564453125,463.8490295410156,0.9532275199890137,1339.935791015625,514.0703125,0.9932998418807983,1179.506103515625,658.0812377929688,0.9960397481918335,1154.6673583984375,673.53466796875,0.99811851978302,1283.14599609375,753.8322143554688,0.9921557903289795,1120.691162109375,779.44287109375,0.9966952800750732,1227.583740234375,891.97216796875,0.9773851037025452,910.578369140625,914.8225708007812,0.9857046604156494
166,5.522321724709784,1437.2344970703125,465.3890075683594,0.5084949731826782,1318.301025390625,455.5769348144531,0.9374783635139465,1350.4532470703125,513.4005737304688,0.9947104454040527,1147.5494384765625,645.5867309570312,0.9949244260787964,1195.3363037109375,665.5247802734375,0.998124897480011,1111.1640625,748.8873291015625,0.9945017099380493,1320.2933349609375,782.1321411132812,0.9981461763381958,949.3925170898438,888.2373046875,0.9862812161445618,1268.1778564453125,925.5913696289062,0.9924752116203308
167,5.55558872305141,1436.4810791015625,461.0263366699219,0.7620996236801147,1333.915283203125,450.8826599121094,0.9464232325553894,1332.6558837890625,505.27587890625,0.9932101368904114,1190.6949462890625,641.822021484375,0.997580885887146,1161.58544921875,658.6353149414062,0.9989233613014221,1310.0906982421875,766.0383911132812,0.9943015575408936,1114.792724609375,787.5526123046875,0.997687816619873,1277.0859375,901.2213134765625,0.9810975790023804,890.0128784179688,913.4118041992188,0.9882844686508179
168,5.588855721393035,1440.536865234375,458.2242126464844,0.8085343241691589,1339.818359375,447.84515380859375,0.9359018206596375,1328.30322265625,490.42181396484375,0.9919782876968384,1201.9735107421875,636.4187622070312,0.9960726499557495,1165.9521484375,648.4404296875,0.9982749223709106,1321.9583740234375,764.3873291015625,0.99118572473526,1121.789794921875,776.295654296875,0.9964137673377991,1286.3656005859375,911.4321899414062,0.9720048308372498,897.2186279296875,911.4190063476562,0.9826974272727966
169,5.62212271973466,1433.82275390625,636.1884765625,0.9543408155441284,1466.8897705078125,674.0471801757812,0.9766968488693237,1385.9703369140625,690.5758056640625,0.9618659615516663,1422.3519287109375,790.3477172851562,0.9317288994789124,1364.0445556640625,795.8258056640625,0.9083991050720215,1411.6671142578125,771.9488525390625,0.8895593881607056,1335.629150390625,779.362060546875,0.843085527420044,1363.92529296875,897.9382934570312,0.8293104767799377,1286.8701171875,911.0361938476562,0.785976767539978
170,5.655389718076285,1419.9959716796875,425.72918701171875,0.8431076407432556,1342.25439453125,440.3269348144531,0.9745240807533264,1313.5572509765625,478.6820068359375,0.9940270185470581,1193.9066162109375,639.5949096679688,0.9974017143249512,1154.3948974609375,651.3922119140625,0.9984099864959717,1295.3133544921875,734.7495727539062,0.993044912815094,1147.1981201171875,750.6846313476562,0.9961878657341003,1248.3028564453125,892.8186645507812,0.9708817005157471,970.2691040039062,902.7251586914062,0.9784411191940308
171,5.688656716417911,1418.8626708984375,424.4039001464844,0.8814780712127686,1356.15673828125,438.1855163574219,0.9513635039329529,1304.6309814453125,467.3013916015625,0.9939237236976624,1207.09033203125,631.158203125,0.9964097142219543,1148.504150390625,636.4111328125,0.9984316229820251,1333.4710693359375,748.0574340820312,0.991540253162384,1130.208251953125,745.7953491210938,0.9967167973518372,1270.680908203125,900.8958129882812,0.9729122519493103,925.9033813476562,892.681884765625,0.984098494052887
172,5.721923714759535,1416.5181884765625,406.76531982421875,0.85165935754776,1342.0469970703125,438.39617919921875,0.9640428423881531,1300.6436767578125,466.3401794433594,0.994795024394989,1207.517578125,630.7735595703125,0.9981663823127747,1153.4249267578125,641.0839233398438,0.9991353154182434,1317.962890625,753.3330688476562,0.9929901361465454,1113.9200439453125,783.6566162109375,0.9970617890357971,1266.484619140625,867.2816162109375,0.9690448045730591,903.4933471679688,907.2035522460938,0.9803768396377563
173,5.755190713101161,1405.9222412109375,390.1669006347656,0.6728036999702454,1314.194091796875,439.12628173828125,0.9820776581764221,1299.892333984375,459.8481750488281,0.9970230460166931,1152.7373046875,630.2525634765625,0.9980725049972534,1177.3319091796875,635.154541015625,0.9989810585975647,1112.9898681640625,757.2696533203125,0.9952736496925354,1328.4310302734375,767.0516967773438,0.9977931976318359,923.1055297851562,909.958984375,0.9753924012184143,1270.9024658203125,917.8965454101562,0.9834758043289185
174,5.788457711442787,1385.1287841796875,392.50634765625,0.8699676394462585,1315.0240478515625,431.2064208984375,0.9704609513282776,1283.33349609375,451.8372802734375,0.9952117800712585,1197.28662109375,632.9078369140625,0.9982824325561523,1149.2215576171875,640.644287109375,0.9991697072982788,1315.2694091796875,749.4453735351562,0.9924732446670532,1108.1220703125,776.7974853515625,0.996740996837616,1278.3251953125,880.005859375,0.9633772969245911,897.4693603515625,916.852294921875,0.9763169288635254
175,5.821724709784411,1400.517333984375,379.98516845703125,0.6823047995567322,1295.26953125,423.2109375,0.9514564275741577,1293.495361328125,443.9124755859375,0.9966980218887329,1159.339599609375,631.7634887695312,0.9969698786735535,1160.1119384765625,637.0381469726562,0.99905925989151,1194.4827880859375,754.4714965820312,0.9928494691848755,1221.991943359375,766.1426391601562,0.9979700446128845,1074.1815185546875,894.09228515625,0.9736348390579224,1086.4649658203125,903.7257080078125,0.9872528910636902
176,5.854991708126037,1371.4036865234375,372.0566711425781,0.48770788311958313,1263.337890625,425.8955383300781,0.9538872838020325,1281.7828369140625,437.4583740234375,0.9979674220085144,1132.471435546875,626.26318359375,0.9974736571311951,1176.2352294921875,629.7626342773438,0.9993587136268616,1093.12548828125,757.1210327148438,0.9945732951164246,1311.1195068359375,771.5245971679688,0.998722493648529,918.68994140625,895.760009765625,0.9772119522094727,1254.896240234375,922.5794677734375,0.9901182055473328
177,5.888258706467662,1363.1182861328125,366.61871337890625,0.6096066236495972,1258.85693359375,418.8536682128906,0.9632130265235901,1279.893310546875,430.0711975097656,0.9970429539680481,1126.4937744140625,621.6822509765625,0.9954226613044739,1170.6240234375,625.27294921875,0.9983458518981934,1095.566162109375,749.974609375,0.9914916157722473,1319.6395263671875,756.6190795898438,0.9972405433654785,920.9771118164062,903.3781127929688,0.9660146832466125,1257.7525634765625,910.1526489257812,0.9825314879417419
178,5.921525704809287,1362.2510986328125,361.6105041503906,0.714363694190979,1255.520751953125,417.94061279296875,0.9532070159912109,1275.618896484375,425.23260498046875,0.9982953667640686,1127.4521484375,619.3020629882812,0.9955917000770569,1171.58447265625,619.8116455078125,0.9989984631538391,1085.9300537109375,762.7650146484375,0.991611659526825,1308.1373291015625,767.0901489257812,0.9982024431228638,906.3403930664062,903.7374267578125,0.9703516960144043,1252.4775390625,915.7137451171875,0.9879486560821533
179,5.954792703150912,1352.054931640625,356.06158447265625,0.6649363040924072,1245.567626953125,413.3529052734375,0.9325236678123474,1261.008544921875,420.48150634765625,0.9939887523651123,1127.09765625,617.3230590820312,0.9888803958892822,1166.609619140625,620.5616455078125,0.9958567023277283,1094.993896484375,747.1777954101562,0.9872455596923828,1312.718994140625,757.646484375,0.9955710768699646,919.9512329101562,907.4476928710938,0.9655857086181641,1261.8656005859375,926.021728515625,0.9813908338546753
180,5.988059701492538,1331.986328125,354.13055419921875,0.7096014618873596,1230.483642578125,410.32781982421875,0.9490657448768616,1246.748291015625,418.6509094238281,0.9961374402046204,1121.0137939453125,623.5145263671875,0.992361307144165,1162.9368896484375,627.7651977539062,0.9973933696746826,1090.9202880859375,752.301513671875,0.9899592995643616,1317.9736328125,765.6937866210938,0.996843695640564,905.818603515625,911.8328247070312,0.9695596694946289,1264.31005859375,936.3154907226562,0.9845372438430786
181,6.021326699834162,1316.98974609375,336.6492919921875,0.7488478422164917,1217.99462890625,411.1033935546875,0.9457640051841736,1239.1927490234375,411.803466796875,0.9979250431060791,1109.3404541015625,626.6969604492188,0.9922602772712708,1153.82080078125,628.9005126953125,0.9981542229652405,1085.564208984375,757.9860229492188,0.9870643615722656,1318.2269287109375,772.5055541992188,0.9971989393234253,891.9462890625,904.80322265625,0.9573410153388977,1262.4189453125,935.8880004882812,0.9828726649284363
182,6.054593698175788,1304.7354736328125,340.5220642089844,0.7544101476669312,1233.54833984375,404.5806884765625,0.8949689269065857,1214.052490234375,408.3384704589844,0.9945077300071716,1137.4361572265625,624.1238403320312,0.9926661849021912,1113.7437744140625,625.0167846679688,0.9980980753898621,1226.054443359375,758.6071166992188,0.9867413640022278,1149.571044921875,763.7523193359375,0.996867835521698,1140.984619140625,909.4301147460938,0.9637188911437988,989.4248657226562,921.48193359375,0.9848143458366394
183,6.087860696517414,1294.163330078125,342.4426574707031,0.8207628130912781,1226.0513916015625,411.5859680175781,0.9004272222518921,1196.5809326171875,413.1676940917969,0.9949353337287903,1134.023681640625,625.9915161132812,0.990871012210846,1111.4180908203125,626.3328247070312,0.9976518750190735,1201.4461669921875,753.7747192382812,0.9874480366706848,1169.444091796875,751.8795776367188,0.9969884753227234,1123.2645263671875,918.4457397460938,0.9709352850914001,1051.23583984375,918.1942749023438,0.9878411889076233
184,6.121127694859038,1264.489013671875,338.14703369140625,0.8538321256637573,1197.8551025390625,405.8451232910156,0.9042860865592957,1178.171630859375,409.9595031738281,0.9951765537261963,1138.3656005859375,627.763427734375,0.994668185710907,1097.0430908203125,630.9717407226562,0.998688280582428,1273.680908203125,762.231689453125,0.9873716831207275,1067.7410888671875,773.7158203125,0.9970716238021851,1266.8775634765625,908.981689453125,0.9638471007347107,876.5855712890625,929.2994384765625,0.9848774671554565
185,6.154394693200664,1256.261474609375,342.3539733886719,0.6004979610443115,1184.2298583984375,410.8915100097656,0.9132489562034607,1165.3316650390625,407.0679931640625,0.9967858791351318,1096.0548095703125,630.63720703125,0.9924731254577637,1113.507568359375,628.9985961914062,0.9983354210853577,1071.3553466796875,767.9125366210938,0.987319827079773,1264.4051513671875,764.6423950195312,0.9974135756492615,913.2041015625,926.0202026367188,0.9612070918083191,1245.494873046875,930.1793212890625,0.985370397567749
186,6.187661691542289,1230.451171875,330.87353515625,0.8147721290588379,1169.1683349609375,401.5650329589844,0.9274629950523376,1135.622802734375,405.8471374511719,0.9958374500274658,1111.5684814453125,621.9959106445312,0.9910287857055664,1097.9046630859375,625.4898071289062,0.9974561333656311,1137.4017333984375,766.2940063476562,0.9878236055374146,1181.98974609375,767.7866821289062,0.9967798590660095,1040.3184814453125,916.4324340820312,0.969021201133728,1120.7977294921875,919.8131713867188,0.9865431785583496
